trial_id,stim_id,param_id,index,sample_n_mean,sample_n_std
13,228,103,0,51.1,44.9407797463565
13,228,103,1,20.65,41.48972605864075
13,228,103,2,14.4,19.62383084013173
13,228,103,3,24.75,52.51553654821941
13,228,103,4,11.55,15.994982765986672
13,228,103,5,21.0,33.254995667449805
12,328,116,0,33.05,13.862007904986015
12,328,116,1,19.65,14.488743362021646
12,328,116,2,9.15,8.554930865019491
12,328,116,3,8.9,9.452930484079637
12,328,116,4,10.35,7.191186125719236
12,328,116,5,13.7,14.517140504281572
5,307,119,0,68.65,41.52396264428783
5,307,119,1,22.1,16.798809481626964
5,307,119,2,11.65,10.27144739454705
5,307,119,3,12.15,11.522403806223952
8,232,122,0,35.15,22.165110089127865
8,232,122,1,10.6,9.190383990603266
8,232,122,2,12.6,12.844822835843651
8,232,122,3,14.4,20.931970008125194
6,743,117,0,75.7,58.75202124182622
6,743,117,1,12.1,12.375272458457335
6,743,117,2,10.65,14.797848349995808
6,743,117,3,24.4,48.342418988753664
7,370,115,0,79.4,70.80023788244306
7,370,115,1,12.9,13.783666917196255
7,370,115,2,9.95,10.308274652714172
7,370,115,3,12.8,11.274563826316486
12,201,101,0,81.6,77.40488220696214
12,201,101,1,21.2,22.631138306603837
12,201,101,2,19.15,19.687760023345522
12,201,101,3,9.25,8.447204458156246
12,201,101,4,11.0,11.679942321414904
12,201,101,5,25.3,60.06321231572793
12,246,111,0,75.25,56.285807316437754
12,246,111,1,20.9,20.57310456831801
12,246,111,2,14.15,12.274384966905245
12,246,111,3,12.95,9.757453291553187
12,246,111,4,11.0,8.528589690286616
12,246,111,5,44.35,58.508906204638265
10,41,12,0,36.5,36.14226276666607
10,41,12,1,8.7,11.332765723660241
10,41,12,2,7.9,12.165092423989654
10,41,12,3,6.0,7.940568718860594
10,41,12,4,8.85,15.08667938072663
10,41,12,5,7.05,10.29805806936434
9,429,120,0,30.15,34.42195596754459
9,429,120,1,10.95,16.275506298212594
9,429,120,2,6.75,8.428491779921869
9,429,120,3,10.35,15.506450270774417
12,40,107,0,71.95,40.086058739456504
12,40,107,1,18.0,18.544399069317542
12,40,107,2,20.6,23.095681984210586
12,40,107,3,7.7,6.844898215382561
12,40,107,4,7.45,9.741257889161847
12,40,107,5,15.5,20.96237230447878
11,172,118,0,50.35,24.37054952623199
11,172,118,1,15.1,14.592355605085258
11,172,118,2,10.75,8.978776144477129
11,172,118,3,7.5,5.021008495888995
11,172,118,4,5.95,3.7763112048385885
11,172,118,5,27.4,34.621867139288234
10,94,109,0,71.6,66.07284656068316
10,94,109,1,31.0,35.08785964884211
10,94,109,2,11.35,14.882964475498401
10,94,109,3,8.3,9.14272791262053
10,94,109,4,8.0,8.583950752789521
10,94,109,5,8.95,14.626849860516968
13,98,11,0,63.5,33.13528886883367
13,98,11,1,24.2,27.573060842251923
13,98,11,2,9.2,6.864094220921229
13,98,11,3,6.6,4.592900700222602
13,98,11,4,8.75,9.925379483663928
13,98,11,5,5.5,3.620119218740556
9,231,122,0,33.05,14.883671731482336
9,231,122,1,13.5,12.085223687584246
9,231,122,2,7.85,8.462144807130288
9,231,122,3,26.7,40.11706553785335
12,328,116,0,47.7,23.945332475629172
12,328,116,1,14.3,13.906075915527754
12,328,116,2,11.4,13.184520429176345
12,328,116,3,10.85,11.046671325264505
12,328,116,4,9.55,7.598303134668674
12,328,116,5,19.75,24.712824286400902
7,38,117,0,55.65,43.533743718008715
7,38,117,1,13.0,11.44782213256947
7,38,117,2,15.25,17.958651338414498
7,38,117,3,16.7,17.678711551050974
5,146,121,0,70.25,76.50515978471132
5,146,121,1,19.7,27.87396446034977
5,146,121,2,9.55,10.762874787165858
5,146,121,3,7.4,8.337612936187684
8,98,115,0,60.1,66.64351352334931
8,98,115,1,26.3,60.497150868102004
8,98,115,2,12.8,12.53878194369688
8,98,115,3,14.65,11.117908739364706
10,41,12,0,38.15,30.42553463613642
10,41,12,1,10.95,10.028774391194254
10,41,12,2,9.2,17.135988598944557
10,41,12,3,12.3,21.930752261079466
10,41,12,4,6.8,7.075532340024802
10,41,12,5,6.1,12.195339921030232
11,573,105,0,74.85,44.53416784069461
11,573,105,1,28.8,36.32108275687247
11,573,105,2,17.65,18.076664224178206
11,573,105,3,17.15,20.021764473481824
11,573,105,4,16.5,23.76308503806515
11,573,105,5,64.6,78.99127200287117
10,60,120,0,40.7,52.358179374080805
10,60,120,1,10.5,15.094439547832105
10,60,120,2,8.75,12.45148479837688
10,60,120,3,8.15,13.14404007425739
10,60,120,4,6.1,5.310367218940701
10,60,120,5,4.15,2.942877217246665
5,307,119,0,73.85,47.09818970708122
5,307,119,1,22.1,23.903093831904734
5,307,119,2,13.35,8.719457974462694
5,307,119,3,16.05,15.11177651613748
11,842,1,0,63.65,44.342298921957244
11,842,1,1,24.55,30.160055493457257
11,842,1,2,30.4,60.585216192175395
11,842,1,3,11.1,8.296479913033505
11,842,1,4,20.05,37.70868251268009
11,842,1,5,14.4,18.500071123618618
13,202,116,0,35.25,22.28966009988535
13,202,116,1,11.95,11.269310911544354
13,202,116,2,7.15,8.286164753116454
13,202,116,3,6.05,5.826211190997563
13,202,116,4,4.35,3.0482954684803594
13,202,116,5,6.85,6.226217910873679
12,313,113,0,62.7,44.62486915799778
12,313,113,1,16.5,19.82953671460303
12,313,113,2,27.3,38.781574572415046
12,313,113,3,17.85,22.707001007108847
12,313,113,4,13.5,19.90635973488716
12,313,113,5,29.7,53.06212843153025
11,172,118,0,39.75,20.791888600580453
11,172,118,1,15.0,10.602879450016347
11,172,118,2,11.2,7.431086907820345
11,172,118,3,10.2,8.96543068504916
11,172,118,4,9.0,6.121575304652089
11,172,118,5,27.35,32.94536945340047
9,231,122,0,29.7,25.373214222876847
9,231,122,1,19.65,21.53644402060451
9,231,122,2,10.6,8.8341442858467
9,231,122,3,15.95,22.89903468431986
14,191,103,0,85.55,63.496767427044745
14,191,103,1,15.05,12.65940465882142
14,191,103,2,18.65,37.97959978725421
14,191,103,3,16.2,23.372498458883815
14,191,103,4,14.5,25.43205602550078
14,191,103,5,33.0,61.15037547760954
11,536,12,0,24.95,29.886583858595184
11,536,12,1,6.8,6.477491392263064
11,536,12,2,5.15,4.029823033857756
11,536,12,3,4.5,4.071725355229777
11,536,12,4,5.75,4.632550735371332
11,536,12,5,9.5,18.582674443515508
12,201,101,0,60.9,37.21756800787838
12,201,101,1,24.9,30.228776809001403
12,201,101,2,20.65,20.568946957668214
12,201,101,3,13.1,13.672484854819302
12,201,101,4,13.55,15.965340749985822
12,201,101,5,21.85,34.95753062457961
10,60,120,0,32.3,35.79341309588444
10,60,120,1,12.4,16.500079744623886
10,60,120,2,6.9,6.734827001255645
10,60,120,3,6.5,7.465711091735546
10,60,120,4,4.1,2.7510763443844266
10,60,120,5,4.25,4.203695116392119
7,38,117,0,54.95,38.69105023672855
7,38,117,1,20.0,21.711020728022707
7,38,117,2,17.25,18.58656843841244
7,38,117,3,29.7,31.420911575104345
12,246,111,0,52.5,45.33675167710606
12,246,111,1,28.5,30.95922615651958
12,246,111,2,16.75,12.899918400394714
12,246,111,3,11.65,12.338536124038805
12,246,111,4,15.45,27.546085785556958
12,246,111,5,48.2,67.83773208721561
13,98,11,0,55.95,51.46636612492923
13,98,11,1,21.35,28.13926831054126
13,98,11,2,12.05,15.184739569366139
13,98,11,3,8.95,11.339149694288091
13,98,11,4,7.7,7.644055137645752
13,98,11,5,30.0,50.410942838779924
5,146,121,0,29.0,51.72803373108445
5,146,121,1,26.95,53.02380299648947
5,146,121,2,23.3,42.1077565051231
5,146,121,3,15.1,29.6237813429115
12,40,107,0,76.0,38.887151172537564
12,40,107,1,21.45,15.483352690109328
12,40,107,2,24.3,30.152419820847406
12,40,107,3,11.05,8.635757974229806
12,40,107,4,9.2,7.395589012519913
12,40,107,5,28.5,28.160255680657446
8,98,115,0,61.55,68.26224586494584
8,98,115,1,17.5,28.923674513595625
8,98,115,2,23.1,39.06122050536083
8,98,115,3,18.25,33.284855098788825
12,313,113,0,47.35,35.81425032463739
12,313,113,1,13.55,15.618730321063403
12,313,113,2,11.2,12.898796353475042
12,313,113,3,6.8,7.134792439720635
12,313,113,4,7.0,10.686932502630933
12,313,113,5,11.3,14.970497302150125
10,360,122,0,36.45,21.593066626021173
10,360,122,1,12.75,12.065064835038566
10,360,122,2,11.55,15.955447840454799
10,360,122,3,6.55,7.155969168242839
10,360,122,4,5.45,4.762518130922802
10,360,122,5,7.2,4.752838487073858
13,202,116,0,46.85,32.43661835836645
13,202,116,1,19.75,22.955047604531686
13,202,116,2,9.9,8.509437485274187
13,202,116,3,6.4,4.998947257594396
13,202,116,4,7.35,7.492276725156099
13,202,116,5,15.7,31.942547108667984
12,225,118,0,47.25,29.597074891030417
12,225,118,1,16.45,17.878169575446506
12,225,118,2,12.25,12.481038249659909
12,225,118,3,7.75,7.594145944843236
12,225,118,4,7.3,6.481552770423881
12,225,118,5,11.0,9.095979447275766
8,716,0,0,37.15,34.746109210430426
8,716,0,1,13.85,20.024393019252134
8,716,0,2,7.8,12.237130726647184
8,716,0,3,22.25,40.022197788095966
6,245,119,0,64.85,40.222113582613126
6,245,119,1,15.6,22.653917983430592
6,245,119,2,9.0,9.35836242984963
6,245,119,3,22.1,37.84024590996094
11,214,120,0,45.1,38.24560518268044
11,214,120,1,6.3,4.691537734665413
11,214,120,2,7.0,9.80332918746967
11,214,120,3,5.55,5.6333125713309915
11,214,120,4,8.45,13.056456358123322
11,214,120,5,8.95,15.929036710558355
11,292,109,0,64.35,72.86127770958787
11,292,109,1,24.3,28.11835886503972
11,292,109,2,15.85,22.51379693946756
11,292,109,3,18.15,37.62596387994249
11,292,109,4,15.4,23.265967917924556
11,292,109,5,43.2,58.57392989340816
12,67,1,0,63.5,63.453671454476385
12,67,1,1,18.3,28.152030869996988
12,67,1,2,20.85,43.011962840219475
12,67,1,3,8.0,7.51839848567989
12,67,1,4,11.4,15.875834002129082
12,67,1,5,20.0,22.209528538326445
11,536,12,0,50.45,48.03230820582066
11,536,12,1,14.85,20.772641420362202
11,536,12,2,20.25,22.87695922009511
11,536,12,3,12.95,15.343351037261435
11,536,12,4,7.15,6.384809274652157
11,536,12,5,14.3,20.230513691217194
14,191,103,0,49.7,49.70237736556948
14,191,103,1,14.05,18.225127246685954
14,191,103,2,14.15,18.754017113534285
14,191,103,3,9.3,15.393436742223683
14,191,103,4,6.85,7.747835011693335
14,191,103,5,49.1,71.1165833055317
10,360,122,0,41.45,22.843806024483104
10,360,122,1,10.65,9.631499855873136
10,360,122,2,7.65,5.29423718475297
10,360,122,3,6.15,4.428080254110363
10,360,122,4,4.05,2.762054917705485
10,360,122,5,6.35,5.833433583098469
12,399,105,0,75.05,55.94779051185037
12,399,105,1,22.8,20.407944789378373
12,399,105,2,19.35,13.827033018882362
12,399,105,3,13.2,8.218080195840336
12,399,105,4,10.6,8.653566347253356
12,399,105,5,21.1,25.105881047234625
12,225,118,0,39.0,21.016284412957393
12,225,118,1,11.9,8.245572974888436
12,225,118,2,8.0,7.9273012597704335
12,225,118,3,6.15,3.6022653691078457
12,225,118,4,9.0,10.125527926457647
12,225,118,5,15.75,20.995926923296835
13,253,101,0,68.3,45.63020698477801
13,253,101,1,19.5,13.192900802285575
13,253,101,2,16.15,17.49067420686025
13,253,101,3,14.2,12.206986782813745
13,253,101,4,10.7,11.351327304722885
13,253,101,5,17.25,23.19000465264019
8,497,117,0,55.35,36.10113717409963
8,497,117,1,27.9,40.864216749208786
8,497,117,2,12.2,12.906954469750428
8,497,117,3,41.35,56.14949500639952
14,599,116,0,48.65,34.17335835197693
14,599,116,1,15.75,14.145391661709402
14,599,116,2,9.5,7.563764030943159
14,599,116,3,7.6,5.519343973221532
14,599,116,4,6.25,5.149092919606019
14,599,116,5,33.2,46.47761204120357
13,182,111,0,67.5,34.47882645456789
13,182,111,1,19.1,12.8386751243019
13,182,111,2,13.9,15.0749007153927
13,182,111,3,10.2,9.20297434757401
13,182,111,4,11.15,9.51605291903606
13,182,111,5,24.8,31.898853303924
6,245,119,0,53.05,38.56023995339186
6,245,119,1,15.5,17.819268104764397
6,245,119,2,14.8,20.11964214393487
6,245,119,3,26.4,48.05851696246545
12,268,12,0,29.4,26.915853281936595
12,268,12,1,15.35,22.441209743167637
12,268,12,2,11.9,14.454647768287652
12,268,12,3,8.45,13.770582680788095
12,268,12,4,4.75,5.692793228006978
12,268,12,5,11.95,15.752944586898499
9,304,115,0,33.65,32.11537588789913
9,304,115,1,17.95,32.44992093089061
9,304,115,2,23.55,52.95228736175714
9,304,115,3,61.5,89.84811745677433
11,214,120,0,48.05,32.93450438290166
11,214,120,1,14.9,18.80061589136741
11,214,120,2,14.05,22.429949433267733
11,214,120,3,4.6,4.569924564619836
11,214,120,4,5.35,6.722115894959202
11,214,120,5,17.75,34.03693813924421
13,768,113,0,76.25,57.72427656768994
13,768,113,1,15.6,15.852610610176944
13,768,113,2,17.0,21.956895571958587
13,768,113,3,16.85,17.865800908586863
13,768,113,4,12.8,13.137331299933427
13,768,113,5,13.95,13.51597495363795
6,359,121,0,61.95,66.91351448737865
6,359,121,1,21.1,31.976800801107103
6,359,121,2,16.5,26.65668672900706
6,359,121,3,46.0,69.50274511806975
13,92,118,0,41.4,25.109025427020004
13,92,118,1,13.2,16.713058241670602
13,92,118,2,8.65,9.091783450775182
13,92,118,3,8.6,12.92244070151651
13,92,118,4,7.8,7.777159541009546
13,92,118,5,13.7,15.235346713274502
13,453,107,0,64.25,39.86011725231652
13,453,107,1,35.4,36.43942341677992
13,453,107,2,10.15,8.362038280857504
13,453,107,3,10.6,12.721304137051689
13,453,107,4,13.9,13.130518889815036
13,453,107,5,36.4,50.81690559977892
14,419,11,0,69.7,35.50107485400229
14,419,11,1,30.5,23.747576053590244
14,419,11,2,18.85,17.90405717031463
14,419,11,3,23.25,27.95273265993675
14,419,11,4,15.55,12.79175309988514
14,419,11,5,44.55,52.906546207241185
11,713,122,0,41.8,16.243541226559785
11,713,122,1,10.45,7.15596916824284
11,713,122,2,13.2,8.51376594265521
11,713,122,3,9.75,9.877539646778656
11,713,122,4,8.6,7.563068160475615
11,713,122,5,28.25,22.92981281627641
8,716,0,0,22.25,21.090968383846697
8,716,0,1,13.45,17.563344004818074
8,716,0,2,11.5,17.88118682037809
8,716,0,3,12.65,19.03811965504997
14,599,116,0,44.25,27.039688179454018
14,599,116,1,13.05,12.386218997443553
14,599,116,2,8.8,6.5662614533449855
14,599,116,3,6.75,3.8234043799514037
14,599,116,4,7.6,4.581427035783777
14,599,116,5,32.85,48.4564644538623
12,268,12,0,38.25,32.578447832238645
12,268,12,1,15.75,19.460824345605875
12,268,12,2,8.85,8.330508293078678
12,268,12,3,14.4,29.979642215483846
12,268,12,4,6.5,9.19668132363088
12,268,12,5,6.15,6.0894645862644134
12,130,120,0,39.95,35.29048626829378
12,130,120,1,19.35,24.722193310975932
12,130,120,2,8.65,9.723953062304176
12,130,120,3,9.2,9.225821886080622
12,130,120,4,7.1,8.854971841614715
12,130,120,5,10.45,20.20285284700888
8,497,117,0,76.3,37.680233544923794
8,497,117,1,22.05,20.73510879745041
8,497,117,2,25.6,26.424470317850215
8,497,117,3,29.4,34.518339900315084
13,92,118,0,44.35,27.783514612275503
13,92,118,1,14.05,13.816370915083233
13,92,118,2,7.55,6.419337562150949
13,92,118,3,6.1,6.632456082343141
13,92,118,4,6.7,7.138479861766236
13,92,118,5,13.25,15.820955457207612
12,399,105,0,73.45,43.79674945881138
12,399,105,1,16.0,15.050791201444317
12,399,105,2,17.0,23.83054210130574
12,399,105,3,8.8,9.633275663033837
12,399,105,4,8.2,6.993229808743221
12,399,105,5,20.1,48.18811821229488
13,253,101,0,74.75,44.65525842790698
13,253,101,1,16.6,15.547550153946236
13,253,101,2,15.4,15.384202423607352
13,253,101,3,17.05,15.03845946757495
13,253,101,4,11.05,13.5703818353757
13,253,101,5,22.8,23.139394524217103
11,713,122,0,32.45,16.784939991740092
11,713,122,1,11.3,13.42072239015785
11,713,122,2,10.85,12.877050168910253
11,713,122,3,6.65,5.304169164564399
11,713,122,4,6.5,6.723877327538737
11,713,122,5,15.7,19.260267255073124
6,359,121,0,44.8,35.0662530827455
6,359,121,1,24.05,30.42588060395813
6,359,121,2,9.15,13.263622590021411
6,359,121,3,38.65,65.57701378411574
9,304,115,0,42.4,48.25960498889532
9,304,115,1,13.9,16.247752881066678
9,304,115,2,19.6,34.27197719788912
9,304,115,3,66.75,94.7311292137134
13,182,111,0,80.45,46.56232382517007
13,182,111,1,27.8,29.819809734999637
13,182,111,2,17.3,18.281713613104735
13,182,111,3,12.1,11.693002855959357
13,182,111,4,12.8,8.532291603080617
13,182,111,5,28.35,48.441255796664635
13,117,12,0,33.7,31.537947067987133
13,117,12,1,16.75,17.9527889638058
13,117,12,2,7.35,6.063479980480204
13,117,12,3,9.35,14.897103215408233
13,117,12,4,7.8,8.835335754499477
13,117,12,5,9.3,12.703501382233995
11,292,109,0,72.25,80.5147093458868
11,292,109,1,35.95,72.68495464385286
11,292,109,2,15.45,17.089470442351338
11,292,109,3,13.85,18.599023743479826
11,292,109,4,17.6,33.83769309046069
11,292,109,5,52.7,91.6268749359396
13,768,113,0,71.8,41.77332314187836
13,768,113,1,26.9,32.54939566097559
13,768,113,2,18.35,17.13499036290485
13,768,113,3,15.6,13.386560424545205
13,768,113,4,12.05,9.72503551610346
13,768,113,5,23.25,38.5280144146677
12,130,120,0,36.1,22.59459646627229
12,130,120,1,20.1,26.7599465029754
12,130,120,2,8.4,8.6778605173104
12,130,120,3,6.2,7.844542185829785
12,130,120,4,5.85,5.677981479734725
12,130,120,5,12.4,16.971803241351754
12,67,1,0,100.7,136.3907312794655
12,67,1,1,26.9,36.92510200249603
12,67,1,2,15.0,16.716591890826447
12,67,1,3,14.68421052631579,20.54007635920824
12,67,1,4,12.473684210526315,12.13062433610182
12,67,1,5,20.57894736842105,30.27157777606961
14,747,118,0,45.35,20.08213398180477
14,747,118,1,15.2,11.857043210017011
14,747,118,2,8.55,5.844250435932288
14,747,118,3,6.9,6.8587247548766594
14,747,118,4,7.25,4.089460136806118
14,747,118,5,19.65,15.530191309358141
12,390,122,0,33.3,24.40901472816959
12,390,122,1,8.1,9.574637549825388
12,390,122,2,6.55,5.134762844931029
12,390,122,3,7.65,8.203176534925838
12,390,122,4,8.2,10.33440854621105
12,390,122,5,14.75,18.02009112658774
13,453,107,0,68.3,37.58933219328114
13,453,107,1,28.35,33.332890347933656
13,453,107,2,17.6,14.228954912246255
13,453,107,3,19.0,20.107605264518302
13,453,107,4,13.8,12.129129790454229
13,453,107,5,13.45,13.422192934013978
14,419,11,0,79.6,43.55565103223812
14,419,11,1,29.0,25.321095843917224
14,419,11,2,19.45,19.685621255386543
14,419,11,3,15.4,18.785212549404804
14,419,11,4,12.95,10.409889023120478
14,419,11,5,21.75,32.20146286314204
7,635,119,0,89.65,50.397655542798084
7,635,119,1,24.25,19.89412767098557
7,635,119,2,17.3,16.645214264008043
7,635,119,3,56.7,75.87600688658195
13,117,12,0,33.15,30.170175234562535
13,117,12,1,13.5,14.919079977278125
13,117,12,2,12.55,19.728352560131373
13,117,12,3,10.5,11.56446462683263
13,117,12,4,5.3,4.0665516233367995
13,117,12,5,4.35,3.8151360602073856
9,634,117,0,74.35,49.77557528283167
9,634,117,1,21.85,21.084479200537412
9,634,117,2,17.75,29.5026760606024
9,634,117,3,31.1,66.60164372872806
13,393,105,0,62.85,43.119509566588974
13,393,105,1,16.35,13.168043454555146
13,393,105,2,13.2,13.085146259464544
13,393,105,3,14.15,12.591872901117402
13,393,105,4,9.7,9.744634151000339
13,393,105,5,14.6,23.066037918618754
10,140,115,0,64.75,59.11796859269029
10,140,115,1,27.7,30.806868680453984
10,140,115,2,12.55,10.455293295490893
10,140,115,3,10.7,11.197274104371163
10,140,115,4,8.4,9.360611765882556
10,140,115,5,13.5,24.082096429112077
14,747,118,0,39.75,28.02419067801771
14,747,118,1,9.65,8.785604253849769
14,747,118,2,6.5,5.14525842018905
14,747,118,3,8.9,13.848427613574803
14,747,118,4,5.7,4.181412503725959
14,747,118,5,21.05,31.751460803526736
12,390,122,0,40.1,22.870113800835313
12,390,122,1,10.3,9.25145792209047
12,390,122,2,8.55,11.217819471011758
12,390,122,3,9.35,13.247740621666301
12,390,122,4,7.65,5.967235099846671
12,390,122,5,13.6,17.41868325436195
7,535,121,0,75.4,64.07922727702834
7,535,121,1,24.25,29.09489917313234
7,535,121,2,22.05,41.481099056647096
7,535,121,3,20.3,25.60859230805161
12,40,109,0,51.6,57.54851500210382
12,40,109,1,17.5,24.52174115909562
12,40,109,2,8.15,12.950411495189519
12,40,109,3,6.6,10.965976088745926
12,40,109,4,5.25,5.608968382491514
12,40,109,5,23.9,49.341879297728205
14,464,113,0,64.45,55.08507773865517
14,464,113,1,18.1,20.644611887851028
14,464,113,2,13.0,11.059646896428665
14,464,113,3,11.3,9.398208115884307
14,464,113,4,8.45,6.62908265464425
14,464,113,5,31.05,45.91465194420943
14,68,12,0,25.95,30.139107310497504
14,68,12,1,26.15,38.68125481010422
14,68,12,2,12.7,17.051315738706283
14,68,12,3,14.15,25.45641269638008
14,68,12,4,4.3,4.130757544898616
14,68,12,5,20.85,28.87955933473399
13,217,120,0,37.2,24.012277561368695
13,217,120,1,6.0,5.647542548941555
13,217,120,2,5.6,5.245549492063173
13,217,120,3,9.0,16.720614443507184
13,217,120,4,8.75,22.199751065460653
13,217,120,5,9.7,16.651536992437855
13,393,122,0,35.0,26.75030742568057
13,393,122,1,10.85,9.626033779069628
13,393,122,2,7.55,6.597248230173419
13,393,122,3,6.55,6.185509382079173
13,393,122,4,7.35,6.830851068189781
13,393,122,5,6.6,9.659464951947118
14,571,101,0,63.9,56.78203941388508
14,571,101,1,21.2,31.77817854407246
14,571,101,2,18.05,31.016930860418796
14,571,101,3,16.1,22.957397615216713
14,571,101,4,15.15,17.312225677097004
14,571,101,5,63.05,91.50926038845525
10,140,115,0,46.6,37.463526121731846
10,140,115,1,17.45,30.593213901813343
10,140,115,2,12.5,16.37231295751909
10,140,115,3,12.85,20.07164797996365
10,140,115,4,12.5,11.175631384494803
10,140,115,5,14.15,19.43755182765133
9,154,0,0,37.35,34.05456148439937
9,154,0,1,17.4,22.486019048101397
9,154,0,2,22.45,30.33753103786932
9,154,0,3,16.1,19.954949260772374
13,588,1,0,70.15,84.36466895816669
13,588,1,1,39.05,73.28852498677294
13,588,1,2,14.35,15.298004685854329
13,588,1,3,14.85,17.56574117872328
13,588,1,4,12.0,12.311740225021849
13,588,1,5,20.25,24.274472187876714
7,635,119,0,72.3,56.612347546598365
7,635,119,1,18.1,14.624780700110199
7,635,119,2,12.95,17.476224450739686
7,635,119,3,37.9,62.20839340897912
14,326,107,0,78.1,45.462419413702214
14,326,107,1,14.2,12.618282475502717
14,326,107,2,15.1,11.252602038265591
14,326,107,3,19.05,23.611939441954494
14,326,107,4,11.0,8.391725247622146
14,326,107,5,33.35,53.90954900278995
14,803,111,0,84.7,90.50100319304404
14,803,111,1,44.8,52.20465798939279
14,803,111,2,12.35,14.75510616345192
14,803,111,3,16.105263157894736,21.493913187076178
14,803,111,4,8.526315789473685,7.567242423415338
14,803,111,5,40.526315789473685,75.3859465396072
9,634,117,0,72.7,44.80495743247967
9,634,117,1,18.3,23.57987545165982
9,634,117,2,12.15,12.815594940704493
9,634,117,3,55.45,82.58996689416304
14,567,120,0,28.6,22.177276184134254
14,567,120,1,10.2,14.623701021935156
14,567,120,2,7.4,6.352786375822983
14,567,120,3,9.15,10.864112820125767
14,567,120,4,7.05,6.847781046671827
14,567,120,5,13.6,13.212434334846535
13,393,122,0,35.35,23.340218282477228
13,393,122,1,15.4,12.309175011904095
13,393,122,2,8.2,5.881281636192108
13,393,122,3,6.5,5.010515258722873
13,393,122,4,7.05,5.124502543251342
13,393,122,5,6.95,5.8801629050115345
7,535,121,0,75.35,61.59398039624191
7,535,121,1,17.05,31.187843448166923
7,535,121,2,9.25,8.15555993753567
7,535,121,3,26.75,30.487055061382847
14,68,12,0,40.15,59.79374637253597
14,68,12,1,12.7,10.214025444920024
14,68,12,2,17.45,21.1448015261186
14,68,12,3,7.8,6.825648224470005
14,68,12,4,5.55,5.093597632529022
14,68,12,5,11.5,13.236711310434682
13,393,105,0,78.95,57.794076367374316
13,393,105,1,23.85,28.749874141600944
13,393,105,2,17.0,16.95815282890271
13,393,105,3,12.5,10.364412797239357
13,393,105,4,11.3,9.862742225695971
13,393,105,5,12.35,16.921723814142144
11,825,115,0,51.75,56.277390991783776
11,825,115,1,33.45,52.61326128608542
11,825,115,2,13.65,26.513700529904792
11,825,115,3,7.05,5.384920465619955
11,825,115,4,6.2,5.297467120684832
11,825,115,5,19.2,22.70775429810614
12,40,109,0,77.7,85.23719227759923
12,40,109,1,15.1,21.43018039072344
12,40,109,2,9.75,9.441649053110652
12,40,109,3,15.8,22.926886078644827
12,40,109,4,15.4,31.245041711909224
12,40,109,5,24.65,46.52930598869355
14,567,120,0,31.75,30.500862800565944
14,567,120,1,10.4,10.424667103103404
14,567,120,2,15.25,26.273610935289184
14,567,120,3,13.6,22.31213972140208
14,567,120,4,6.5,4.571076114232322
14,567,120,5,8.45,14.737974580546748
14,501,122,0,31.95,22.493215351347732
14,501,122,1,11.6,9.730040298504745
14,501,122,2,6.2,5.5117100221638164
14,501,122,3,5.95,4.946822478276226
14,501,122,4,5.7,5.048188836237784
14,501,122,5,14.8,22.456038925209548
14,464,113,0,91.75,70.35614288820318
14,464,113,1,17.2,19.861626583095248
14,464,113,2,12.55,17.17548742892185
14,464,113,3,15.4,19.231005666562744
14,464,113,4,9.25,12.008220868265731
14,464,113,5,22.85,30.248575434051002
8,92,119,0,66.1,36.81661524223454
8,92,119,1,16.95,14.12528527890769
8,92,119,2,16.9,20.377748442331587
8,92,119,3,30.15,43.94167785407811
10,60,117,0,82.6,49.00526287526355
10,60,117,1,22.3,20.391174561559712
10,60,117,2,14.55,13.315898688963387
10,60,117,3,15.2,16.51347137467181
10,60,117,4,7.55,6.452049857868509
10,60,117,5,11.95,23.40597089813218
8,228,121,0,59.95,70.25178401930258
8,228,121,1,16.4,25.058668003412773
8,228,121,2,23.0,47.80332514309901
8,228,121,3,4.6,3.8987177379235853
14,571,101,0,70.15,60.79064592171189
14,571,101,1,28.9,33.19305571001894
14,571,101,2,18.6,20.069353436730868
14,571,101,3,12.05,18.348884951063603
14,571,101,4,12.7,15.539762241627631
14,571,101,5,46.3,59.03531503305992
14,501,122,0,30.2,23.10980653088071
14,501,122,1,8.55,7.970174666249562
14,501,122,2,5.0,4.142208919989684
14,501,122,3,4.1,3.6404164018622054
14,501,122,4,5.95,8.088165493647592
14,501,122,5,14.05,27.935028002020765
14,803,111,0,74.9,66.00310997457461
14,803,111,1,22.1,23.105934530468918
14,803,111,2,16.35,19.623495584308326
14,803,111,3,16.25,21.466926826362943
14,803,111,4,16.0,24.20743687382041
14,803,111,5,35.5,50.659336958280775
14,326,107,0,71.3,44.28270423920429
14,326,107,1,19.6,20.257292384147544
14,326,107,2,13.75,13.090273608977574
14,326,107,3,11.6,14.751984701442003
14,326,107,4,8.9,8.777363229532995
14,326,107,5,52.25,77.20026929323089
9,154,0,0,35.85,46.841586336569726
9,154,0,1,16.2,19.851024101913154
9,154,0,2,18.25,33.19301606949079
9,154,0,3,17.75,22.657344574285283
13,588,1,0,104.9,77.24663167584177
13,588,1,1,23.85,51.56934523940606
13,588,1,2,8.25,7.30446871154191
13,588,1,3,10.3,11.178456724290795
13,588,1,4,11.95,19.002700639091998
13,588,1,5,37.85,65.53044692113895
11,825,115,0,75.2,70.16491850970601
11,825,115,1,23.5,27.787729211593415
11,825,115,2,22.15,40.66716637599221
11,825,115,3,12.0,14.991225503782644
11,825,115,4,10.65,11.545220017962322
11,825,115,5,22.7,23.185975797542156
13,531,109,0,66.3,48.47690714469921
13,531,109,1,28.4,36.843052619398804
13,531,109,2,14.2,16.500717687740927
13,531,109,3,22.9,57.28773176279819
13,531,109,4,7.3,6.3420069876639955
13,531,109,5,14.6,19.607732094628815
8,228,121,0,57.55,65.31017088518932
8,228,121,1,13.05,18.454709853841475
8,228,121,2,21.75,40.12857624659698
8,228,121,3,11.0,23.84599712629708
8,92,119,0,83.9,58.18925565501083
8,92,119,1,18.25,14.01080410179756
8,92,119,2,12.85,12.76621775583801
8,92,119,3,18.85,16.2651548765419
10,60,117,0,74.65,48.726168263923746
10,60,117,1,39.15,27.650592455820814
10,60,117,2,20.65,21.300543605615726
10,60,117,3,15.15,15.971273554333996
10,60,117,4,13.75,11.89371793493479
10,60,117,5,10.8,9.61139674388801
14,613,105,0,76.3,38.35992975132144
14,613,105,1,21.3,19.213756037085293
14,613,105,2,18.9,26.68115834303893
14,613,105,3,13.4,9.016943116039645
14,613,105,4,9.55,7.54268554714817
14,613,105,5,76.65,98.99137389319918
9,590,121,0,58.8,57.19827012474379
9,590,121,1,22.1,58.42034613133735
9,590,121,2,10.5,13.3436363701559
9,590,121,3,18.55,21.154755593259075
14,66,1,0,54.9,65.72742758424451
14,66,1,1,14.15,22.396604535885388
14,66,1,2,50.45,87.83805373646736
14,66,1,3,9.6,9.571888665857902
14,66,1,4,8.15,9.46614466067586
14,66,1,5,27.45,49.50329600935148
12,297,115,0,78.75,58.584060163692634
12,297,115,1,55.55,79.45039829650752
12,297,115,2,14.65,11.259031462505298
12,297,115,3,14.85,13.819418069856402
12,297,115,4,11.45,11.357700842206253
12,297,115,5,29.35,38.629515576618495
11,442,117,0,70.65,38.320360123568776
11,442,117,1,17.35,18.178283747372852
11,442,117,2,16.05,16.71266459589065
11,442,117,3,12.45,12.335123151306384
11,442,117,4,10.85,13.291370370123222
11,442,117,5,23.9,34.57851477739502
10,70,0,0,31.4,27.618453022724157
10,70,0,1,22.2,40.465189718415616
10,70,0,2,14.65,23.41226624071911
10,70,0,3,9.7,13.034771312067381
10,70,0,4,8.45,8.810729105381748
10,70,0,5,6.35,4.568484719420538
14,613,105,0,56.25,39.61376023555451
14,613,105,1,19.15,24.700894933712743
14,613,105,2,15.45,16.8412869867009
14,613,105,3,13.95,20.061681201523935
14,613,105,4,9.35,8.336823830389328
14,613,105,5,39.75,50.8815704408415
13,531,109,0,100.5,69.4713117617246
13,531,109,1,21.2,24.790915144145252
13,531,109,2,23.6,32.1434285663493
13,531,109,3,17.95,18.899944305125402
13,531,109,4,10.75,12.03886250965247
13,531,109,5,28.2,37.25813228078712
9,306,119,0,78.5,47.41696343137793
9,306,119,1,23.1,20.695537276376637
9,306,119,2,23.2,21.859840611929155
9,306,119,3,79.65,87.59732932722983
9,590,121,0,67.95,69.99358993207127
9,590,121,1,20.8,35.247396320415234
9,590,121,2,13.2,18.891936458655973
9,590,121,3,26.95,44.17247892904407
11,442,117,0,65.85,37.30285018036755
11,442,117,1,22.3,23.44107955121342
11,442,117,2,16.7,14.882345598940907
11,442,117,3,14.4,20.202657459380255
11,442,117,4,9.85,7.583048963243437
11,442,117,5,50.05,74.66449519085536
12,297,115,0,75.75,71.38101988624148
12,297,115,1,45.1,65.21212350960195
12,297,115,2,19.35,22.124706361417488
12,297,115,3,10.6,8.641393649783947
12,297,115,4,14.25,17.19814861517
12,297,115,5,25.68421052631579,41.701389041052536
14,66,1,0,108.35,104.060344335188
14,66,1,1,13.45,14.723683034664363
14,66,1,2,12.9,18.811810400020402
14,66,1,3,10.1,9.089612347706526
14,66,1,4,9.0,11.639316311988704
14,66,1,5,25.3,48.52140059591719
9,306,119,0,73.1,40.909270600349636
9,306,119,1,20.0,13.757294715703987
9,306,119,2,15.85,15.079700541491288
9,306,119,3,33.45,35.187430471091446
10,449,121,0,79.55,62.08269103635722
10,449,121,1,19.65,23.888501968850814
10,449,121,2,16.75,21.143308011855915
10,449,121,3,9.1,5.919637257734455
10,449,121,4,8.3,6.105217785675325
10,449,121,5,8.1,3.625930007743204
10,70,0,0,39.55,36.35711035938102
10,70,0,1,18.25,21.008456943761832
10,70,0,2,12.3,16.095439040136085
10,70,0,3,16.05,34.12434691875552
10,70,0,4,8.55,6.8631356957987775
10,70,0,5,8.6,9.991575398673046
13,379,115,0,68.05,61.93585391354511
13,379,115,1,22.3,34.1376470684261
13,379,115,2,27.0,42.64047990250332
13,379,115,3,20.2,37.69210443636844
13,379,115,4,17.5,22.88529750965154
13,379,115,5,12.0,10.407487183450394
14,402,109,0,71.4,80.74156302673363
14,402,109,1,35.65,32.156320488644546
14,402,109,2,41.25,52.08583502763794
14,402,109,3,15.4,11.259615773569763
14,402,109,4,14.8,21.573863329208532
14,402,109,5,44.45,65.18998550794682
10,46,119,0,79.5,59.83090206661825
10,46,119,1,17.75,17.090702304561916
10,46,119,2,13.95,18.675835780635445
10,46,119,3,10.3,11.30020959283965
10,46,119,4,6.55,6.629082654644249
10,46,119,5,9.8,13.771060426240162
12,246,117,0,79.5,41.70384306410848
12,246,117,1,23.9,20.237796842854006
12,246,117,2,20.9,18.12500453720451
12,246,117,3,14.55,11.655019248555984
12,246,117,4,13.05,11.371594342691655
12,246,117,5,73.1,77.76272953840521
10,449,121,0,66.7,73.1243353546043
10,449,121,1,20.55,30.593213901813343
10,449,121,2,17.8,24.8100149557646
10,449,121,3,23.65,38.863153974453816
10,449,121,4,14.85,24.064113924002445
10,449,121,5,18.05,38.22987946895107
13,379,115,0,57.5,44.13794166855588
13,379,115,1,34.4,61.7851966600074
13,379,115,2,21.3,35.005413115237204
13,379,115,3,17.95,25.19288746744542
13,379,115,4,15.55,17.080228643853566
13,379,115,5,16.25,18.707935271035744
14,402,109,0,50.05,60.01620395228364
14,402,109,1,21.45,25.073523464949407
14,402,109,2,11.4,9.394287177798397
14,402,109,3,13.9,20.281959834711294
14,402,109,4,8.3,8.615164109381722
14,402,109,5,14.7,19.30121348789405
12,246,117,0,67.9,59.66741154097436
12,246,117,1,21.8,25.132491027814133
12,246,117,2,14.0,15.552965532081181
12,246,117,3,8.9,7.819678281173251
12,246,117,4,12.8,18.07178667659096
12,246,117,5,29.25,44.66822136597785
10,46,119,0,75.8,41.190954551237404
10,46,119,1,25.75,31.185143223893277
10,46,119,2,16.1,22.435638942023512
10,46,119,3,13.55,16.39792990786209
10,46,119,4,8.55,5.345681976088148
10,46,119,5,8.05,5.986607861235821
14,530,115,0,85.15,64.02900247461876
14,530,115,1,24.6,30.62747304730114
14,530,115,2,14.25,17.087622482524104
14,530,115,3,13.05,15.866134076274403
14,530,115,4,11.3,13.707854068303131
14,530,115,5,31.85,41.39066129098765
11,282,121,0,79.8,58.17541531754132
11,282,121,1,25.75,28.46396614003489
11,282,121,2,18.35,35.18413966847174
11,282,121,3,21.75,44.22534995844995
11,282,121,4,8.2,8.53845789108869
11,282,121,5,31.6,34.199722990567906
11,418,0,0,38.45,32.66814801510551
11,418,0,1,16.15,23.484093160668298
11,418,0,2,16.9,23.597279058132283
11,418,0,3,7.0,8.528589690286616
11,418,0,4,7.1,9.678516632755574
11,418,0,5,22.45,34.33346533784878
13,190,117,0,84.7,41.60098683040052
13,190,117,1,19.8,22.87862712112264
13,190,117,2,13.45,11.722560345446363
13,190,117,3,10.6,11.641124923034036
13,190,117,4,11.9,11.04964872030352
13,190,117,5,25.5,37.511401775432155
11,637,119,0,69.65,37.87135426261135
11,637,119,1,24.2,15.487176359134914
11,637,119,2,25.5,28.728309895879434
11,637,119,3,14.65,17.027145509759595
11,637,119,4,11.25,7.683714836211097
11,637,119,5,34.4,31.159014915852453
14,530,115,0,48.3,53.998148116393764
14,530,115,1,25.0,41.10960958218893
14,530,115,2,9.45,6.557237865218298
14,530,115,3,10.85,11.549777851588862
14,530,115,4,7.2,5.708719093125054
14,530,115,5,18.7,34.68975277179734
11,282,121,0,62.35,52.8077695639173
11,282,121,1,27.4,35.77326258240187
11,282,121,2,17.0,19.469274038313483
11,282,121,3,12.15,21.507097971551033
11,282,121,4,19.65,27.679129511715427
11,282,121,5,16.1,15.704173096077962
13,190,117,0,65.5,39.905810156047785
13,190,117,1,13.5,12.111325712997559
13,190,117,2,12.2,12.339922374574579
13,190,117,3,10.6,15.041696432881078
13,190,117,4,8.35,6.619548402469127
13,190,117,5,12.65,20.28552763866268
12,25,121,0,74.6,82.46236781261595
12,25,121,1,11.8,7.302486959212847
12,25,121,2,13.45,20.500256737801834
12,25,121,3,7.85,6.960603422117942
12,25,121,4,11.65,18.57637152264587
12,25,121,5,9.1,8.365971174000693
11,637,119,0,82.4,36.126094956998955
11,637,119,1,24.55,26.442539491070864
11,637,119,2,21.65,20.625163476226138
11,637,119,3,12.7,10.503633456546059
11,637,119,4,11.55,11.128318547031736
11,637,119,5,49.8,64.04652913887561
14,415,117,0,69.35,36.76422030639086
14,415,117,1,17.45,14.727257221328005
14,415,117,2,15.75,22.72229371298037
14,415,117,3,11.9,11.266625142661983
14,415,117,4,10.0,9.936641389587487
14,415,117,5,57.1,70.15164026292577
11,418,0,0,42.05,48.99997314714624
11,418,0,1,14.05,26.54385646038408
11,418,0,2,12.0,22.754987885828694
11,418,0,3,6.8,7.416908137208487
11,418,0,4,3.65,1.9540780569443943
11,418,0,5,11.35,12.641931065016593
12,25,121,0,58.8,47.30705967122499
12,25,121,1,24.05,24.97467137974624
12,25,121,2,22.95,52.30927763137042
12,25,121,3,17.2,38.62859589802135
12,25,121,4,9.75,8.729110402615643
12,25,121,5,17.8,31.11878769117494
12,204,119,0,78.35,32.3277215242177
12,204,119,1,15.0,15.078740698501038
12,204,119,2,17.9,12.648694544663908
12,204,119,3,9.25,8.872636823995803
12,204,119,4,7.65,5.9051716851907825
12,204,119,5,25.5,51.56243022323827
14,415,117,0,61.7,39.657879020707256
14,415,117,1,30.7,29.88768449061463
14,415,117,2,15.2,17.031240644613558
14,415,117,3,9.9,6.479928524622052
14,415,117,4,10.6,7.896701509924387
14,415,117,5,39.15,71.5926157615361
13,436,121,0,62.7,63.41268343992889
13,436,121,1,30.5,50.92150822589606
13,436,121,2,12.15,16.29425148875969
13,436,121,3,13.5,26.776855677991772
13,436,121,4,13.55,16.557634588246437
13,436,121,5,15.7,32.97702549543114
12,388,0,0,40.5,43.8808194521191
12,388,0,1,13.4,17.892662418462283
12,388,0,2,8.85,12.51641028073902
12,388,0,3,11.9,17.158395213882606
12,388,0,4,5.4,7.5491372807898065
12,388,0,5,8.2,14.479022938829745
12,204,119,0,77.4,41.09731711053911
12,204,119,1,29.7,33.17751299330696
12,204,119,2,17.65,21.808436320306004
12,204,119,3,13.95,13.16484553250576
12,204,119,4,8.1,7.6564386389220775
12,204,119,5,28.3,35.84043585261294
13,564,119,0,71.55,35.36051172528028
13,564,119,1,14.85,15.204829565150119
13,564,119,2,12.55,9.28765451100489
13,564,119,3,8.4,6.116414498363355
13,564,119,4,9.35,8.809534308738579
13,564,119,5,26.45,58.86422825809451
13,436,121,0,81.75,88.49613431937966
13,436,121,1,27.15,45.21443062609663
13,436,121,2,16.25,18.88991655271195
13,436,121,3,21.55,32.816034270812764
13,436,121,4,11.55,14.947187730560943
13,436,121,5,26.4,46.87991377753882
12,388,0,0,25.65,24.88558026776064
12,388,0,1,10.6,18.610693021401488
12,388,0,2,7.5,8.438632964869932
12,388,0,3,10.0,18.433379334354584
12,388,0,4,4.85,5.029125695700784
12,388,0,5,11.85,23.398774146928027
14,740,121,0,51.35,48.951399098332324
14,740,121,1,13.75,16.84878568168544
14,740,121,2,17.05,29.193501439803164
14,740,121,3,12.35,14.755106163451918
14,740,121,4,18.0,39.320545051638014
14,740,121,5,10.15,12.724923740853079
13,564,119,0,65.4,41.14851151621405
13,564,119,1,31.2,35.7117111854007
13,564,119,2,22.3,21.540903563123564
13,564,119,3,15.65,17.472610144542166
13,564,119,4,19.5,33.01275670499447
13,564,119,5,25.789473684210527,46.722084888993
14,740,121,0,64.65,83.72905865443546
14,740,121,1,9.0,8.182137154866853
14,740,121,2,9.75,11.001794112062383
14,740,121,3,5.25,5.03540099276063
14,740,121,4,5.7,5.25256829410247
14,740,121,5,23.45,54.20378215586067
13,403,0,0,41.75,49.11841224075379
13,403,0,1,14.4,21.224117364327235
13,403,0,2,7.05,7.052248614896939
13,403,0,3,9.8,13.5125672499422
13,403,0,4,5.65,4.591468060148999
13,403,0,5,13.8,29.439679632124147
14,504,119,0,64.7,40.87863938409321
14,504,119,1,15.6,15.020687488646415
14,504,119,2,9.6,7.963072667996286
14,504,119,3,9.9,7.656438638922077
14,504,119,4,7.4,6.099180272790763
14,504,119,5,39.8,75.17460377435707
14,504,119,0,67.2,45.36704113178014
14,504,119,1,24.15,27.908261368841643
14,504,119,2,13.55,11.189633360251001
14,504,119,3,13.8,14.80611537951731
14,504,119,4,11.45,6.708007783317833
14,504,119,5,52.7,56.968227525247976
13,403,0,0,40.8,37.62641849048422
13,403,0,1,16.55,21.261467494037188
13,403,0,2,12.15,12.966657646684274
13,403,0,3,9.8,12.959857049244105
13,403,0,4,4.55,4.904079934095692
13,403,0,5,19.4,31.951278699393487
14,737,0,0,52.45,46.14220011636796
14,737,0,1,13.35,24.1361816192598
14,737,0,2,15.65,17.30006084564901
14,737,0,3,19.6,30.848355752480206
14,737,0,4,7.55,11.123588023938849
14,737,0,5,19.6,31.556799250674466
14,737,0,0,43.1,41.32400856899686
14,737,0,1,12.65,17.771280793815386
14,737,0,2,11.65,20.68631635189132
14,737,0,3,6.45,7.5287169522680575
14,737,0,4,4.05,4.135532804723881
14,737,0,5,17.0,18.87075152604937
0,197,12,0,27.4,111.28975930567822
0,197,12,1,2.3157894736842106,2.6257830912139832
0,197,12,0,2.1,1.8324559303956276
0,197,12,1,19.45,75.76450703539085
1,159,12,0,33.6,113.62282943326598
1,159,12,1,31.263157894736842,112.19221705292868
0,100,14,0,68.15,151.79635769848468
0,100,14,1,41.68421052631579,119.01683010378497
0,132,20,0,104.8,203.02491420875833
0,132,20,1,7.8125,23.02815305953418
0,122,22,0,30.95,111.08151345556536
0,122,22,1,74.21052631578948,161.24156444683598
1,159,12,0,50.05,135.1387104150087
1,159,12,1,14.473684210526315,53.934495682831816
0,122,23,0,110.9,202.6625143849797
0,122,23,1,38.875,122.41398340603631
2,67,12,0,38.15,113.83333847062742
2,67,12,1,13.0,42.03305577492288
0,169,15,0,105.05,202.91493550902453
0,169,15,1,59.375,159.00225365279155
0,367,24,0,146.75,221.80998862231513
0,367,24,1,29.8,77.72129695263712
0,152,18,0,160.6,224.6860733978574
0,152,18,1,64.8,132.2406896533741
0,0,16,0,158.75,229.66173638178114
0,0,16,1,27.714285714285715,55.246898376467975
0,122,23,0,27.45,111.27182222401426
0,122,23,1,9.789473684210526,21.88753817781662
0,79,21,0,155.6,231.93202270901432
0,79,21,1,70.42857142857143,166.15642041147868
0,95,11,0,186.6,238.0230860099167
0,95,11,1,19.307692307692307,34.33507588308836
0,122,22,0,79.9,181.51610048930127
0,122,22,1,7.823529411764706,14.896456349236413
0,132,17,0,147.45,216.1241054287291
0,132,17,1,69.66666666666667,165.51118506298116
0,100,10,0,192.85,234.1841998805304
0,100,10,1,35.642857142857146,70.51416349037441
0,140,2,0,205.0,247.45249411170877
0,140,2,1,52.333333333333336,137.4497153231837
0,215,0,0,205.45,247.00255165952396
0,215,0,1,7.916666666666667,14.2921360025418
0,166,25,0,152.1,233.70762210843475
0,166,25,1,35.5,127.93733441986954
0,360,13,0,49.2,139.91298047451906
0,360,13,1,29.105263157894736,105.98788963149522
0,197,19,0,138.15,216.1440248391896
0,197,19,1,112.75,200.79890437948112
0,100,14,0,95.15,192.16803913023074
0,100,14,1,56.411764705882355,137.18694308475997
0,118,1,0,186.1,238.77734618809964
0,118,1,1,90.07692307692308,160.27084447816324
0,132,20,0,132.25,218.55888644048602
0,132,20,1,39.6,126.85638674163337
0,152,18,0,74.35,153.7161687211719
0,152,18,1,34.68421052631579,90.30199495247966
2,67,12,0,56.35,153.34250449308087
2,67,12,1,59.611111111111114,159.9048021531373
0,0,16,0,63.95,155.65565064894804
0,0,16,1,35.111111111111114,116.71225999862622
0,367,24,0,94.05,185.84642074913137
0,367,24,1,12.176470588235293,24.2441624265452
0,169,15,0,97.75,181.9279426470532
0,169,15,1,25.470588235294116,80.05085699655159
0,118,1,0,29.5,111.04171809682491
0,118,1,1,5.578947368421052,9.622403196439743
0,360,13,0,27.45,111.37677873823279
0,360,13,1,1.4736842105263157,1.1239029738980326
0,166,25,0,51.2,153.48773309462328
0,166,25,1,29.11111111111111,117.27438358717403
1,418,14,0,54.7,148.48253485812646
1,418,14,1,32.36842105263158,113.98499439561516
3,228,12,0,53.55,152.92635826642697
3,228,12,1,5.388888888888889,10.4269948797447
1,245,18,0,57.45,154.0531265163862
1,245,18,1,5.388888888888889,12.584485728298619
0,79,21,0,151.2,234.2799944286189
0,79,21,1,2.142857142857143,2.4133329285815135
0,215,0,0,81.95,181.64409243294833
0,215,0,1,26.470588235294116,95.3638542943937
0,100,10,0,140.35,221.4543495787979
0,100,10,1,6.933333333333334,14.41956343041666
1,418,14,0,53.3,152.99607838111407
1,418,14,1,9.444444444444445,33.847794649199514
1,808,23,0,88.75,183.54946988410737
1,808,23,1,121.88235294117646,212.5499595250906
2,485,14,0,10.1,18.438803477563575
2,485,14,1,8.6,24.45274712798673
1,536,22,0,114.2,199.27331138810072
1,536,22,1,100.0,187.20683748196805
1,692,15,0,102.25,204.09488892231116
1,692,15,1,34.625,118.79162428386944
