inanimate_008_right.png,0.401806004175136,-0.0741698923983228,0.1716589946794586
inanimate_004_left.png,0.1471004173051146,-0.0518857376630392,-0.2598696368792724
inanimate_005_left.png,0.1565151924858818,-0.2759688655512528,0.5126156202347634
inanimate_005_right.png,0.2695106880829116,-0.1733804722979186,0.2931130887695382
animate_004_left_pair.png,-0.8233242962710128,-0.228869987697238,-0.3944211191137398
animate_005_left.png,-0.534798540451877,-0.0428866395793094,-0.5390445172198262
animate_004_left.png,-0.8327794792870514,-0.374796205980541,-0.1988590213621892
inanimate_004_left_pair.png,0.040250595801736,-0.0171587404367072,-0.4332607772328922
inanimate_011_right.png,0.5338456154623504,-0.2103284879541144,-0.821060042883831
animate_012_right.png,-0.5212024618501963,0.363396975159836,-0.2071147122157584
animate_003_left_pair.png,-0.9376408966456512,-0.1738106636955222,-0.186977612912763
animate_006_right.png,-0.4783720312868034,-0.5033087664827494,-0.4563078919825216
inanimate_003_left_pair.png,-0.1189203031066398,0.020848698047874,-0.4051068801047878
inanimate_012_left.png,0.081750767611221,0.0618701154868918,-0.4496813353972644
animate_007_left_pair.png,-0.7049237738910988,-0.223660473691368,0.0004923527538278
animate_010_left_pair.png,-0.9349627994011636,-0.060248655027197,-0.3040609558244114
inanimate_007_left_pair.png,0.245840386363468,-0.4616682151708208,-0.4735167641484326
inanimate_010_left_pair.png,0.4741796419598376,0.0967018969985652,-0.0945206675766738
inanimate_003_right.png,-0.2380965987547064,-0.2898293787012818,-0.393040544784162
animate_012_left.png,-0.4492863968150012,0.3032185769660974,-0.070181405007892
animate_001_right.png,-0.588624393060627,0.0399480549703924,-0.3299529001013296
inanimate_009_right.png,0.0004675505469644,-0.3128758045116946,0.2332918500358642
animate_009_left_pair.png,-0.7812104292783718,0.1956347975323966,-0.3119468597823078
inanimate_010_right.png,0.455643947400949,-0.2693685007084592,-0.247432080962412
inanimate_004_right.png,0.1616524923420834,-0.0426958267378712,-0.2363575402534806
inanimate_009_left_pair.png,0.0886326782063624,0.2316169776916802,1.0
animate_007_right.png,-0.6370193119466254,-0.3370388709778524,-0.0055225503920832
inanimate_003_left.png,-0.125314905809576,-0.2299331158888162,-0.4875596584087404
inanimate_002_left.png,0.043446759858001,0.3274154050745532,-0.4947648197056172
animate_008_left.png,-0.424650084485012,0.1303712343904024,-0.408431304160373
animate_009_left.png,-0.6878752934885544,-0.2412631818682964,-0.1810745197161244
inanimate_002_right.png,0.0380508179796172,0.309595996064512,-0.4228884171033434
animate_002_left.png,-0.268031078116254,-0.1112032536373954,-0.4501016416282782
animate_003_left.png,-0.7598462247934606,-0.478408015854803,0.1132375256911224
inanimate_009_left.png,-0.0777889418311008,-0.2896924908231322,0.2722686904450046
inanimate_008_left.png,0.3374813297747314,-0.0679899836856916,0.1362020854473454
animate_002_right.png,-0.3516724668589884,0.0406028455947922,-0.526593665822696
animate_008_right_pair.png,-0.5611842932830898,0.3465690250031492,-0.69414318429714
animate_011_left.png,-0.5674816489682338,-0.4083376014501596,0.0980775069189244
animate_010_left.png,-0.8229031937216742,-0.282180433948628,-0.1699575322632464
inanimate_008_right_pair.png,0.3847749481555424,0.448999331238311,0.3950424396906222
inanimate_007_right.png,0.0874261073397498,-0.3870830012759524,-0.408054199077306
inanimate_012_right_pair.png,-0.023878610931853,0.0240510976821984,-0.4905851427615054
inanimate_007_right_pair.png,-0.04480805757096,-0.4555079006657688,-0.268400317200377
animate_012_right_pair.png,-0.4164075015342546,0.936923205894157,-0.2267051385382592
animate_007_right_pair.png,-0.7358982121555032,-0.1694366044864582,-0.0257007719461126
inanimate_010_left.png,0.5474430251633444,-0.3125230774294864,-0.4055268387875006
inanimate_011_left.png,0.4999821114135916,-0.283586185784666,-1.0
animate_010_right.png,-0.7596391548589384,-0.2185689289072026,-0.0255215625690642
inanimate_006_right_pair.png,0.4943558997420978,-0.769936373703747,-0.4903844079161672
animate_006_left.png,-0.4692432429302622,-0.2291155175575108,-0.4339765617627118
animate_007_left.png,-0.6399960012837534,-0.4009539838252498,0.0770290445388048
animate_006_right_pair.png,-0.481769555726302,-0.2159244363212478,-0.9321691906076726
animate_004_right.png,-0.8324529132555935,-0.4341969974273844,-0.1166978732066784
animate_009_right_pair.png,-0.7379327977573188,0.1802064100434822,-0.2975198963738802
inanimate_008_left_pair.png,0.3116325863428334,0.3747413623292042,0.4794759566180072
inanimate_009_right_pair.png,-0.1079341975451334,0.084473692772549,0.920356464775944
animate_008_left_pair.png,-0.3495073977953178,0.4132346527138054,-0.3318949254676426
inanimate_001_right_pair.png,0.108547463763592,0.2486467825026092,-0.2855827345661476
inanimate_001_right.png,0.1865483812947852,0.0481648659354116,-0.3841531959726798
animate_009_right.png,-0.7039075012538883,-0.1216520868680908,-0.2981214743376408
inanimate_007_left.png,0.0585390550585468,-0.5886828404794532,-0.415637946409907
animate_001_right_pair.png,-0.4382126968333644,0.4204604072026896,-0.7482327273133969
inanimate_006_left.png,0.1341432340248732,-0.961316363007744,-0.2566307721133218
animate_003_right.png,-0.8724741910575478,-0.4039194386539316,-0.019444350395307
inanimate_011_left_pair.png,1.0,-0.1514972120611254,-0.9204133127552983
inanimate_006_left_pair.png,0.358880569644155,-0.556034556333631,-0.4331457095749332
animate_011_left_pair.png,-0.5372082232868206,-0.2008918292529932,-0.1228556884136658
animate_006_left_pair.png,-0.8208769592520878,-0.1707993443773544,-0.7824398102559216
animate_001_left.png,-0.537149572962886,-0.225479981393696,-0.1161618961905752
animate_003_right_pair.png,-1.0,-0.4782770402166662,0.0441514510512316
inanimate_002_left_pair.png,0.0614034806129412,0.544194847197542,-0.431779827551072
animate_002_left_pair.png,-0.4081528891717282,0.027038772614688,-0.7459266848036736
inanimate_003_right_pair.png,-0.1281793575366682,-0.0371796618352298,-0.3077837015183324
inanimate_012_right.png,-0.0332485901655714,0.0279528022286698,-0.4219237556746254
inanimate_006_right.png,0.196515875937443,-1.0,-0.2810895614295344
animate_004_right_pair.png,-0.8543957369501668,-0.3871211507927114,-0.391372147507175
animate_011_right_pair.png,-0.3113722451102954,-0.3395948528501838,-0.284650562281758
inanimate_001_left.png,0.2735979540141966,-0.0093709063787312,-0.4046339184091454
inanimate_004_right_pair.png,0.1846110825424486,-0.0965578823221408,-0.5167721550712252
inanimate_011_right_pair.png,0.856627437050372,-0.2087233848447162,-0.925178201277126
animate_010_right_pair.png,-0.82237622216053,-0.0750546048938848,-0.2014627671427194
animate_005_right_pair.png,-0.5480686949343798,0.307500281122424,-0.9319413763937108
inanimate_010_right_pair.png,0.4399324211134214,0.0387036840716844,-0.0606262391948912
inanimate_005_right_pair.png,0.2154390520910748,0.0833128589977902,0.569866863491761
animate_005_right.png,-0.4412760803190486,0.0236582584851338,-0.5795874964568558
animate_011_right.png,-0.5022117542535878,-0.4715505008842944,-0.135689137926541
inanimate_005_left_pair.png,0.3480623391265188,0.203915379729417,0.54126196928741
inanimate_012_left_pair.png,0.06209793806013,0.0522245464204902,-0.7737835717916361
animate_002_right_pair.png,-0.38203491820836,0.233173259829901,-0.9166387505931104
animate_005_left_pair.png,-0.5942858271370838,0.352094506583742,-0.7587780577540786
inanimate_002_right_pair.png,0.0181446728562462,0.603163058458588,-0.4609592405705436
animate_012_left_pair.png,-0.4432382783610106,1.0,-0.0135894695430682
inanimate_001_left_pair.png,0.147906163723361,0.117242428300468,-0.3145862924514794
animate_008_right.png,-0.5980794773219276,0.0583209666456466,-0.401971112216971
animate_001_left_pair.png,-0.721197430018522,-0.0055613367310452,-0.4435153121329452
