inanimate_008_right.png,10.784574955382285,-3.891254901774977,-6.441885226553039
inanimate_004_left.png,1.955180152086049,3.023498157246805,-2.894390164228682
inanimate_005_left.png,2.676115999231926,-2.074183909987762,1.421585342463707
inanimate_005_right.png,2.8324902104280643,-1.986189837166932,1.755475980439186
animate_004_left_pair.png,-3.456764525506984,-0.948792133361279,-1.826898283915921
animate_005_left.png,-3.789210932017384,-1.2966413986547871,-0.157265186398889
animate_004_left.png,-3.131228900609828,-1.4578420586057899,-2.464491932337491
inanimate_004_left_pair.png,1.519357081301309,3.2897441327818737,-2.470969448071037
inanimate_011_right.png,2.946866247789087,-3.0390304665841277,1.061021935094731
animate_012_right.png,-2.967091945666391,-0.155351657915234,-0.008063611792773
animate_003_left_pair.png,-4.619724438464759,-0.14660831760563,-2.339755927644338
animate_006_right.png,-2.7191953243057347,-1.215597429192238,-2.311531432605189
inanimate_003_left_pair.png,0.801477750721596,2.220940432137741,0.20678841921892
inanimate_012_left.png,1.566595108555996,3.034933732481861,-2.8201724631890612
animate_007_left_pair.png,-4.9392927195926815,-0.329248445420252,-2.729675388977971
animate_010_left_pair.png,-4.339251302566954,-1.26421699753802,-1.669524504521325
inanimate_007_left_pair.png,5.0,-4.754861710859421,-0.9377274742782531
inanimate_010_left_pair.png,3.5129043784787264,-1.406824909335126,-3.180181858036601
inanimate_003_right.png,0.23085509221939698,1.9194246553041188,-2.9147852896165287
animate_012_left.png,-2.923223501558509,-0.372100393701805,0.188328621447605
animate_001_right.png,-3.3393446292317703,-1.157044998359754,-1.242859760670556
inanimate_009_right.png,3.302583348343914,-1.542713150990671,-0.681906943572378
animate_009_left_pair.png,-4.4054338168357985,0.636116517921701,-1.223882328138252
inanimate_010_right.png,3.537493181455857,-0.542376267476012,-4.093796906666462
inanimate_004_right.png,2.307081509682058,3.261173002626724,-2.7915594784711315
inanimate_009_left_pair.png,2.424021381911717,-1.058181057973312,4.581968192070059
animate_007_right.png,-4.409552283352977,-0.46787276843762404,-2.797865278377502
inanimate_003_left.png,0.613819457780976,1.915047161675497,-2.6165007369969477
inanimate_002_left.png,1.741025324675447,4.5755709503170285,-1.7287293977986051
animate_008_left.png,-3.447814161689282,-0.9031501633161999,-0.530777051014307
animate_009_left.png,-4.554287023567734,-0.17439426293160898,-2.071051715397524
inanimate_002_right.png,1.431402434450053,4.69906765957626,-1.8072023458843458
animate_002_left.png,-2.999432246370108,-0.48972529971009804,-1.1023096587656949
animate_003_left.png,-3.9824043303604153,-1.02159688803555,-2.64240809019178
inanimate_009_left.png,2.653673517519905,-1.141298742251627,0.19494112827919502
inanimate_008_left.png,3.0172381092605076,-1.30269803730447,-3.351013097317571
animate_002_right.png,-3.332777165685064,0.138895609436865,-1.079344144857504
animate_008_right_pair.png,-4.86703201460278,-0.928214846564741,0.146796742051644
animate_011_left.png,-3.035125894403881,-2.347763200926774,-2.116278702509194
animate_010_left.png,-3.315240033715205,-1.586707416211755,-2.401287472666736
inanimate_008_right_pair.png,3.049329795456514,-2.186532834928889,-2.184984540825444
inanimate_007_right.png,4.415486581172017,-3.988317540556538,-1.805973514844224
inanimate_012_right_pair.png,1.973472119216059,3.513566870327462,-0.7468491986507519
inanimate_007_right_pair.png,4.640509964433712,-3.737274931154835,-1.023977092333595
animate_012_right_pair.png,-3.36604442386567,0.047115700220163,2.199144548857536
animate_007_right_pair.png,-4.720149153335065,-0.48522224632427396,-2.727177813838117
inanimate_010_left.png,3.733777035887833,-1.156418779733015,-4.089774006848479
inanimate_011_left.png,2.981763646492187,-3.287247720812614,0.41602886645013404
animate_010_right.png,-3.116847809401035,-1.488338795213528,-2.407181813271685
inanimate_006_right_pair.png,3.5399709304530758,-5.0,-3.725229775949005
animate_006_left.png,-3.097494007506944,-1.106141195489665,-1.337198311221158
animate_007_left.png,-4.464010242550411,-0.6725947123102121,-2.9754668199328274
animate_006_right_pair.png,-3.362682028655267,-0.7391936426022171,-0.365633011907856
animate_004_right.png,-3.3466297546500066,-1.443620043022745,-2.211664812673982
animate_009_right_pair.png,-5.0,0.743649506405144,-1.412659531181877
inanimate_008_left_pair.png,2.53596487543529,-1.421451435691956,-1.231970025382376
inanimate_009_right_pair.png,2.612119562624663,-1.350616176824039,2.9618420538884482
animate_008_left_pair.png,-3.2953959552364247,-0.686441307747542,0.70485214971354
inanimate_001_right_pair.png,2.7726698000834937,4.235290409757767,-0.468437120580992
inanimate_001_right.png,2.3111102953043567,3.9119048519801702,-2.6853316892473322
animate_009_right.png,-4.298187367695404,0.149444823507824,-2.172320625304196
inanimate_007_left.png,4.205549990103164,-3.764284487855889,-1.794127103768842
animate_001_right_pair.png,-4.037402310764381,0.468607640070447,0.014573534304411
inanimate_006_left.png,3.388874888948148,-3.920326615847627,-5.0
animate_003_right.png,-4.228250675355442,-1.145277501832707,-3.0788733604338656
inanimate_011_left_pair.png,4.564541829853273,-3.760643382100704,1.102572648450969
inanimate_006_left_pair.png,3.724487254608231,-3.7716463218739187,-3.657064162809816
animate_011_left_pair.png,-3.7462605628655847,-2.327387563558307,-1.453779715444373
animate_006_left_pair.png,-4.788752029507718,-2.137573416263729,-0.582741801076057
animate_001_left.png,-2.320265293337809,-1.857827290602308,-1.4049948778259829
animate_003_right_pair.png,-4.627408136433145,-0.47878878431557403,-2.95830176006407
inanimate_002_left_pair.png,2.306614490877762,4.8151710807455315,0.611119005433334
animate_002_left_pair.png,-3.4303879260849612,0.014086646733929,0.018780042615841
inanimate_003_right_pair.png,0.9003004028900761,2.299524815152903,0.11255172651433801
inanimate_012_right.png,1.3644965438041121,3.5373859211221332,-2.581014650482506
inanimate_006_right.png,3.316251406002718,-4.512911555145561,-4.931775043170299
animate_004_right_pair.png,-3.659880586023071,-1.296958377959223,-2.38318585383731
animate_011_right_pair.png,-2.2734099156381458,-3.2248051227933883,-1.448037462877946
inanimate_001_left.png,2.323551531798688,3.844987263466976,-2.576313858749179
inanimate_004_right_pair.png,2.6953950053030526,3.8738088902054058,-2.24878300523929
inanimate_011_right_pair.png,4.046982985358829,-2.9789406692599267,1.897611482334458
animate_010_right_pair.png,-3.9955892701078333,-1.112543199791551,-1.7519511271062012
animate_005_right_pair.png,-4.435379168374527,-0.183177786535733,0.793149120881826
inanimate_010_right_pair.png,3.631739951438233,-0.24037097126225498,-3.040546438929636
inanimate_005_right_pair.png,2.166795298797866,-1.52553350729877,4.756375411773245
animate_005_right.png,-4.090322404665091,-0.8405545807524579,-0.3469067164998
animate_011_right.png,-2.5082570021099047,-2.48218695361713,-2.6974124625228892
inanimate_005_left_pair.png,1.731918058475762,-1.2624673359985439,5.0
inanimate_012_left_pair.png,1.7632526267384692,3.632065765461445,-1.525052738501479
animate_002_right_pair.png,-3.997183229178235,0.13229449211092,0.40474088060860003
animate_005_left_pair.png,-3.715579787768135,-0.303693777567118,1.256382207256229
inanimate_002_right_pair.png,1.908132508617951,5.0,0.32963833271391996
animate_012_left_pair.png,-3.211516310286051,0.0386865405516,1.993338436738886
inanimate_001_left_pair.png,2.593665987852831,3.671121982331334,-0.37647268006988804
animate_008_right.png,-4.44714224433493,-0.824336399687938,-0.864971187335231
animate_001_left_pair.png,-4.001970921523609,-0.9904051455474421,-0.5100877017590479
