inanimate_008_right.png,1.0784574955382285,-0.38912549017749776,-0.6441885226553039
inanimate_004_left.png,0.1955180152086049,0.30234981572468056,-0.2894390164228682
inanimate_005_left.png,0.2676115999231926,-0.20741839099877624,0.1421585342463707
inanimate_005_right.png,0.28324902104280647,-0.19861898371669323,0.17554759804391862
animate_004_left_pair.png,-0.34567645255069845,-0.09487921333612792,-0.18268982839159215
animate_005_left.png,-0.37892109320173845,-0.1296641398654787,-0.015726518639888998
animate_004_left.png,-0.3131228900609828,-0.145784205860579,-0.2464491932337491
inanimate_004_left_pair.png,0.1519357081301309,0.32897441327818744,-0.24709694480710376
inanimate_011_right.png,0.2946866247789087,-0.30390304665841283,0.10610219350947314
animate_012_right.png,-0.29670919456663913,-0.015535165791523475,-0.0008063611792773484
animate_003_left_pair.png,-0.4619724438464759,-0.014660831760563042,-0.2339755927644338
animate_006_right.png,-0.27191953243057354,-0.12155974291922383,-0.23115314326051895
inanimate_003_left_pair.png,0.08014777507215964,0.22209404321377413,0.020678841921892066
inanimate_012_left.png,0.1566595108555996,0.30349337324818615,-0.2820172463189061
animate_007_left_pair.png,-0.49392927195926817,-0.03292484454202521,-0.2729675388977971
animate_010_left_pair.png,-0.4339251302566953,-0.12642169975380202,-0.16695245045213253
inanimate_007_left_pair.png,0.5,-0.47548617108594216,-0.09377274742782538
inanimate_010_left_pair.png,0.3512904378478726,-0.1406824909335126,-0.31801818580366015
inanimate_003_right.png,0.02308550922193975,0.19194246553041194,-0.29147852896165294
animate_012_left.png,-0.2923223501558509,-0.03721003937018058,0.018832862144760543
animate_001_right.png,-0.333934462923177,-0.11570449983597547,-0.12428597606705566
inanimate_009_right.png,0.3302583348343914,-0.15427131509906716,-0.06819069435723785
animate_009_left_pair.png,-0.4405433816835798,0.0636116517921701,-0.12238823281382522
inanimate_010_right.png,0.35374931814558574,-0.05423762674760124,-0.40937969066664626
inanimate_004_right.png,0.23070815096820585,0.3261173002626724,-0.2791559478471132
inanimate_009_left_pair.png,0.24240213819117173,-0.10581810579733125,0.45819681920700595
animate_007_right.png,-0.44095522833529777,-0.04678727684376244,-0.27978652783775027
inanimate_003_left.png,0.061381945778097635,0.19150471616754972,-0.26165007369969484
inanimate_002_left.png,0.1741025324675447,0.45755709503170294,-0.17287293977986057
animate_008_left.png,-0.3447814161689282,-0.09031501633162003,-0.05307770510143073
animate_009_left.png,-0.45542870235677346,-0.01743942629316092,-0.2071051715397524
inanimate_002_right.png,0.1431402434450053,0.4699067659576259,-0.18072023458843467
animate_002_left.png,-0.2999432246370108,-0.048972529971009815,-0.1102309658765695
animate_003_left.png,-0.3982404330360415,-0.10215968880355503,-0.264240809019178
inanimate_009_left.png,0.26536735175199055,-0.11412987422516274,0.019494112827919574
inanimate_008_left.png,0.30172381092605083,-0.13026980373044705,-0.33510130973175717
animate_002_right.png,-0.33327771656850647,0.01388956094368654,-0.10793441448575042
animate_008_right_pair.png,-0.486703201460278,-0.09282148465647416,0.014679674205164472
animate_011_left.png,-0.3035125894403881,-0.23477632009267746,-0.21162787025091945
animate_010_left.png,-0.33152400337152055,-0.1586707416211755,-0.2401287472666736
inanimate_008_right_pair.png,0.30493297954565146,-0.21865328349288893,-0.21849845408254448
inanimate_007_right.png,0.4415486581172017,-0.3988317540556538,-0.18059735148442246
inanimate_012_right_pair.png,0.19734721192160598,0.35135668703274625,-0.07468491986507525
inanimate_007_right_pair.png,0.4640509964433712,-0.3737274931154835,-0.1023977092333595
animate_012_right_pair.png,-0.33660444238656706,0.004711570022016387,0.21991445488575367
animate_007_right_pair.png,-0.4720149153335065,-0.048522224632427446,-0.27271778138381175
inanimate_010_left.png,0.3733777035887833,-0.1156418779733015,-0.4089774006848479
inanimate_011_left.png,0.2981763646492187,-0.3287247720812614,0.04160288664501344
animate_010_right.png,-0.31168478094010355,-0.1488338795213528,-0.2407181813271685
inanimate_006_right_pair.png,0.3539970930453076,-0.5,-0.37252297759490055
animate_006_left.png,-0.30974940075069446,-0.11061411954896655,-0.13371983112211583
animate_007_left.png,-0.4464010242550411,-0.06725947123102127,-0.29754668199328277
animate_006_right_pair.png,-0.3362682028655267,-0.07391936426022178,-0.03656330119078566
animate_004_right.png,-0.3346629754650007,-0.14436200430227453,-0.22116648126739824
animate_009_right_pair.png,-0.5,0.0743649506405144,-0.14126595311818774
inanimate_008_left_pair.png,0.25359648754352904,-0.14214514356919566,-0.12319700253823762
inanimate_009_right_pair.png,0.2612119562624663,-0.13506161768240393,0.2961842053888448
animate_008_left_pair.png,-0.32953959552364254,-0.06864413077475423,0.07048521497135407
inanimate_001_right_pair.png,0.2772669800083494,0.4235290409757767,-0.046843712058099285
inanimate_001_right.png,0.23111102953043572,0.391190485198017,-0.2685331689247332
animate_009_right.png,-0.4298187367695404,0.014944482350782495,-0.2172320625304196
inanimate_007_left.png,0.42055499901031645,-0.3764284487855889,-0.17941271037688428
animate_001_right_pair.png,-0.40374023107643814,0.04686076400704475,0.0014573534304411773
inanimate_006_left.png,0.3388874888948148,-0.3920326615847627,-0.5
animate_003_right.png,-0.4228250675355442,-0.11452775018327072,-0.30788733604338664
inanimate_011_left_pair.png,0.45645418298532736,-0.3760643382100704,0.1102572648450969
inanimate_006_left_pair.png,0.3724487254608231,-0.37716463218739193,-0.3657064162809816
animate_011_left_pair.png,-0.37462605628655854,-0.23273875635583074,-0.14537797154443732
animate_006_left_pair.png,-0.4788752029507718,-0.2137573416263729,-0.058274180107605766
animate_001_left.png,-0.23202652933378098,-0.1857827290602308,-0.14049948778259835
animate_003_right_pair.png,-0.46274081364331454,-0.047878878431557415,-0.29583017600640704
inanimate_002_left_pair.png,0.2306614490877762,0.48151710807455317,0.061111900543333486
animate_002_left_pair.png,-0.3430387926084961,0.0014086646733929564,0.001878004261584132
inanimate_003_right_pair.png,0.09003004028900763,0.22995248151529035,0.011255172651433831
inanimate_012_right.png,0.13644965438041123,0.35373859211221337,-0.2581014650482506
inanimate_006_right.png,0.3316251406002718,-0.4512911555145561,-0.4931775043170299
animate_004_right_pair.png,-0.3659880586023071,-0.12969583779592236,-0.23831858538373102
animate_011_right_pair.png,-0.2273409915638146,-0.3224805122793388,-0.14480374628779463
inanimate_001_left.png,0.23235515317986888,0.3844987263466976,-0.2576313858749179
inanimate_004_right_pair.png,0.2695395005303053,0.3873808890205406,-0.224878300523929
inanimate_011_right_pair.png,0.4046982985358829,-0.2978940669259927,0.1897611482334458
animate_010_right_pair.png,-0.3995589270107833,-0.11125431997915519,-0.17519511271062016
animate_005_right_pair.png,-0.44353791683745275,-0.018317778653573313,0.07931491208818264
inanimate_010_right_pair.png,0.3631739951438233,-0.024037097126225593,-0.30405464389296366
inanimate_005_right_pair.png,0.21667952987978667,-0.15255335072987702,0.4756375411773245
animate_005_right.png,-0.40903224046650916,-0.08405545807524584,-0.03469067164998002
animate_011_right.png,-0.2508257002109905,-0.24821869536171304,-0.2697412462522889
inanimate_005_left_pair.png,0.1731918058475762,-0.1262467335998544,0.5
inanimate_012_left_pair.png,0.17632526267384696,0.3632065765461445,-0.1525052738501479
animate_002_right_pair.png,-0.3997183229178235,0.013229449211092037,0.04047408806086006
animate_005_left_pair.png,-0.3715579787768135,-0.03036937775671189,0.12563822072562292
inanimate_002_right_pair.png,0.19081325086179513,0.5,0.03296383327139207
animate_012_left_pair.png,-0.3211516310286051,0.0038686540551600146,0.19933384367388862
inanimate_001_left_pair.png,0.2593665987852831,0.36711219823313346,-0.03764726800698881
animate_008_right.png,-0.44471422443349307,-0.08243363996879383,-0.08649711873352312
animate_001_left_pair.png,-0.4001970921523609,-0.09904051455474422,-0.05100877017590483
