param_id,linking_hypothesis,mu_prior,hypothetical_obs_grid_n,max_observation,batch_n,jitter_n,quad_a,quad_b,quad_c,V_prior,alpha_prior,beta_prior,epsilon,mu_epsilon,sd_epsilon,world_EIGs,forced_exposure_max
0,KL,0,5,500,2,20,999,999,999,1,0.1,0.1,0.0001,0.001,0.1,0.0001,
1,KL,0,5,500,2,20,999,999,999,1,0.1,0.1,0.0001,0.001,0.1,1e-05,
2,KL,0,5,500,2,20,999,999,999,1,0.1,0.1,0.0001,0.001,0.5,0.0001,
3,KL,0,5,500,2,20,999,999,999,1,0.1,0.1,0.0001,0.001,0.5,1e-05,
4,KL,0,5,500,2,20,999,999,999,1,0.1,0.1,0.0001,0.001,1.0,0.0001,
5,KL,0,5,500,2,20,999,999,999,1,0.1,0.1,0.0001,0.001,1.0,1e-05,
6,KL,0,5,500,2,20,999,999,999,1,0.1,1.0,0.0001,0.001,0.1,0.0001,
7,KL,0,5,500,2,20,999,999,999,1,0.1,1.0,0.0001,0.001,0.1,1e-05,
8,KL,0,5,500,2,20,999,999,999,1,0.1,1.0,0.0001,0.001,0.5,0.0001,
9,KL,0,5,500,2,20,999,999,999,1,0.1,1.0,0.0001,0.001,0.5,1e-05,
10,KL,0,5,500,2,20,999,999,999,1,0.1,1.0,0.0001,0.001,1.0,0.0001,
11,KL,0,5,500,2,20,999,999,999,1,0.1,1.0,0.0001,0.001,1.0,1e-05,
12,KL,0,5,500,2,20,999,999,999,1,0.1,10.0,0.0001,0.001,0.1,0.0001,
13,KL,0,5,500,2,20,999,999,999,1,0.1,10.0,0.0001,0.001,0.1,1e-05,
14,KL,0,5,500,2,20,999,999,999,1,0.1,10.0,0.0001,0.001,0.5,0.0001,
15,KL,0,5,500,2,20,999,999,999,1,0.1,10.0,0.0001,0.001,0.5,1e-05,
16,KL,0,5,500,2,20,999,999,999,1,0.1,10.0,0.0001,0.001,1.0,0.0001,
17,KL,0,5,500,2,20,999,999,999,1,0.1,10.0,0.0001,0.001,1.0,1e-05,
18,KL,0,5,500,2,20,999,999,999,1,1.0,0.1,0.0001,0.001,0.1,0.0001,
19,KL,0,5,500,2,20,999,999,999,1,1.0,0.1,0.0001,0.001,0.1,1e-05,
20,KL,0,5,500,2,20,999,999,999,1,1.0,0.1,0.0001,0.001,0.5,0.0001,
21,KL,0,5,500,2,20,999,999,999,1,1.0,0.1,0.0001,0.001,0.5,1e-05,
22,KL,0,5,500,2,20,999,999,999,1,1.0,0.1,0.0001,0.001,1.0,0.0001,
23,KL,0,5,500,2,20,999,999,999,1,1.0,0.1,0.0001,0.001,1.0,1e-05,
24,KL,0,5,500,2,20,999,999,999,1,1.0,1.0,0.0001,0.001,0.1,0.0001,
25,KL,0,5,500,2,20,999,999,999,1,1.0,1.0,0.0001,0.001,0.1,1e-05,
26,KL,0,5,500,2,20,999,999,999,1,1.0,1.0,0.0001,0.001,0.5,0.0001,
27,KL,0,5,500,2,20,999,999,999,1,1.0,1.0,0.0001,0.001,0.5,1e-05,
28,KL,0,5,500,2,20,999,999,999,1,1.0,1.0,0.0001,0.001,1.0,0.0001,
29,KL,0,5,500,2,20,999,999,999,1,1.0,1.0,0.0001,0.001,1.0,1e-05,
30,KL,0,5,500,2,20,999,999,999,1,1.0,10.0,0.0001,0.001,0.1,0.0001,
31,KL,0,5,500,2,20,999,999,999,1,1.0,10.0,0.0001,0.001,0.1,1e-05,
32,KL,0,5,500,2,20,999,999,999,1,1.0,10.0,0.0001,0.001,0.5,0.0001,
33,KL,0,5,500,2,20,999,999,999,1,1.0,10.0,0.0001,0.001,0.5,1e-05,
34,KL,0,5,500,2,20,999,999,999,1,1.0,10.0,0.0001,0.001,1.0,0.0001,
35,KL,0,5,500,2,20,999,999,999,1,1.0,10.0,0.0001,0.001,1.0,1e-05,
36,KL,0,5,500,2,20,999,999,999,1,10.0,0.1,0.0001,0.001,0.1,0.0001,
37,KL,0,5,500,2,20,999,999,999,1,10.0,0.1,0.0001,0.001,0.1,1e-05,
38,KL,0,5,500,2,20,999,999,999,1,10.0,0.1,0.0001,0.001,0.5,0.0001,
39,KL,0,5,500,2,20,999,999,999,1,10.0,0.1,0.0001,0.001,0.5,1e-05,
40,KL,0,5,500,2,20,999,999,999,1,10.0,0.1,0.0001,0.001,1.0,0.0001,
41,KL,0,5,500,2,20,999,999,999,1,10.0,0.1,0.0001,0.001,1.0,1e-05,
42,KL,0,5,500,2,20,999,999,999,1,10.0,1.0,0.0001,0.001,0.1,0.0001,
43,KL,0,5,500,2,20,999,999,999,1,10.0,1.0,0.0001,0.001,0.1,1e-05,
44,KL,0,5,500,2,20,999,999,999,1,10.0,1.0,0.0001,0.001,0.5,0.0001,
45,KL,0,5,500,2,20,999,999,999,1,10.0,1.0,0.0001,0.001,0.5,1e-05,
46,KL,0,5,500,2,20,999,999,999,1,10.0,1.0,0.0001,0.001,1.0,0.0001,
47,KL,0,5,500,2,20,999,999,999,1,10.0,1.0,0.0001,0.001,1.0,1e-05,
48,KL,0,5,500,2,20,999,999,999,1,10.0,10.0,0.0001,0.001,0.1,0.0001,
49,KL,0,5,500,2,20,999,999,999,1,10.0,10.0,0.0001,0.001,0.1,1e-05,
50,KL,0,5,500,2,20,999,999,999,1,10.0,10.0,0.0001,0.001,0.5,0.0001,
51,KL,0,5,500,2,20,999,999,999,1,10.0,10.0,0.0001,0.001,0.5,1e-05,
52,KL,0,5,500,2,20,999,999,999,1,10.0,10.0,0.0001,0.001,1.0,0.0001,
53,KL,0,5,500,2,20,999,999,999,1,10.0,10.0,0.0001,0.001,1.0,1e-05,
54,KL,0,5,500,2,20,999,999,999,2,0.1,0.1,0.0001,0.001,0.1,0.0001,
55,KL,0,5,500,2,20,999,999,999,2,0.1,0.1,0.0001,0.001,0.1,1e-05,
56,KL,0,5,500,2,20,999,999,999,2,0.1,0.1,0.0001,0.001,0.5,0.0001,
57,KL,0,5,500,2,20,999,999,999,2,0.1,0.1,0.0001,0.001,0.5,1e-05,
58,KL,0,5,500,2,20,999,999,999,2,0.1,0.1,0.0001,0.001,1.0,0.0001,
59,KL,0,5,500,2,20,999,999,999,2,0.1,0.1,0.0001,0.001,1.0,1e-05,
60,KL,0,5,500,2,20,999,999,999,2,0.1,1.0,0.0001,0.001,0.1,0.0001,
61,KL,0,5,500,2,20,999,999,999,2,0.1,1.0,0.0001,0.001,0.1,1e-05,
62,KL,0,5,500,2,20,999,999,999,2,0.1,1.0,0.0001,0.001,0.5,0.0001,
63,KL,0,5,500,2,20,999,999,999,2,0.1,1.0,0.0001,0.001,0.5,1e-05,
64,KL,0,5,500,2,20,999,999,999,2,0.1,1.0,0.0001,0.001,1.0,0.0001,
65,KL,0,5,500,2,20,999,999,999,2,0.1,1.0,0.0001,0.001,1.0,1e-05,
66,KL,0,5,500,2,20,999,999,999,2,0.1,10.0,0.0001,0.001,0.1,0.0001,
67,KL,0,5,500,2,20,999,999,999,2,0.1,10.0,0.0001,0.001,0.1,1e-05,
68,KL,0,5,500,2,20,999,999,999,2,0.1,10.0,0.0001,0.001,0.5,0.0001,
69,KL,0,5,500,2,20,999,999,999,2,0.1,10.0,0.0001,0.001,0.5,1e-05,
70,KL,0,5,500,2,20,999,999,999,2,0.1,10.0,0.0001,0.001,1.0,0.0001,
71,KL,0,5,500,2,20,999,999,999,2,0.1,10.0,0.0001,0.001,1.0,1e-05,
72,KL,0,5,500,2,20,999,999,999,2,1.0,0.1,0.0001,0.001,0.1,0.0001,
73,KL,0,5,500,2,20,999,999,999,2,1.0,0.1,0.0001,0.001,0.1,1e-05,
74,KL,0,5,500,2,20,999,999,999,2,1.0,0.1,0.0001,0.001,0.5,0.0001,
75,KL,0,5,500,2,20,999,999,999,2,1.0,0.1,0.0001,0.001,0.5,1e-05,
76,KL,0,5,500,2,20,999,999,999,2,1.0,0.1,0.0001,0.001,1.0,0.0001,
77,KL,0,5,500,2,20,999,999,999,2,1.0,0.1,0.0001,0.001,1.0,1e-05,
78,KL,0,5,500,2,20,999,999,999,2,1.0,1.0,0.0001,0.001,0.1,0.0001,
79,KL,0,5,500,2,20,999,999,999,2,1.0,1.0,0.0001,0.001,0.1,1e-05,
80,KL,0,5,500,2,20,999,999,999,2,1.0,1.0,0.0001,0.001,0.5,0.0001,
81,KL,0,5,500,2,20,999,999,999,2,1.0,1.0,0.0001,0.001,0.5,1e-05,
82,KL,0,5,500,2,20,999,999,999,2,1.0,1.0,0.0001,0.001,1.0,0.0001,
83,KL,0,5,500,2,20,999,999,999,2,1.0,1.0,0.0001,0.001,1.0,1e-05,
84,KL,0,5,500,2,20,999,999,999,2,1.0,10.0,0.0001,0.001,0.1,0.0001,
85,KL,0,5,500,2,20,999,999,999,2,1.0,10.0,0.0001,0.001,0.1,1e-05,
86,KL,0,5,500,2,20,999,999,999,2,1.0,10.0,0.0001,0.001,0.5,0.0001,
87,KL,0,5,500,2,20,999,999,999,2,1.0,10.0,0.0001,0.001,0.5,1e-05,
88,KL,0,5,500,2,20,999,999,999,2,1.0,10.0,0.0001,0.001,1.0,0.0001,
89,KL,0,5,500,2,20,999,999,999,2,1.0,10.0,0.0001,0.001,1.0,1e-05,
90,KL,0,5,500,2,20,999,999,999,2,10.0,0.1,0.0001,0.001,0.1,0.0001,
91,KL,0,5,500,2,20,999,999,999,2,10.0,0.1,0.0001,0.001,0.1,1e-05,
92,KL,0,5,500,2,20,999,999,999,2,10.0,0.1,0.0001,0.001,0.5,0.0001,
93,KL,0,5,500,2,20,999,999,999,2,10.0,0.1,0.0001,0.001,0.5,1e-05,
94,KL,0,5,500,2,20,999,999,999,2,10.0,0.1,0.0001,0.001,1.0,0.0001,
95,KL,0,5,500,2,20,999,999,999,2,10.0,0.1,0.0001,0.001,1.0,1e-05,
96,KL,0,5,500,2,20,999,999,999,2,10.0,1.0,0.0001,0.001,0.1,0.0001,
97,KL,0,5,500,2,20,999,999,999,2,10.0,1.0,0.0001,0.001,0.1,1e-05,
98,KL,0,5,500,2,20,999,999,999,2,10.0,1.0,0.0001,0.001,0.5,0.0001,
99,KL,0,5,500,2,20,999,999,999,2,10.0,1.0,0.0001,0.001,0.5,1e-05,
100,KL,0,5,500,2,20,999,999,999,2,10.0,1.0,0.0001,0.001,1.0,0.0001,
101,KL,0,5,500,2,20,999,999,999,2,10.0,1.0,0.0001,0.001,1.0,1e-05,
102,KL,0,5,500,2,20,999,999,999,2,10.0,10.0,0.0001,0.001,0.1,0.0001,
103,KL,0,5,500,2,20,999,999,999,2,10.0,10.0,0.0001,0.001,0.1,1e-05,
104,KL,0,5,500,2,20,999,999,999,2,10.0,10.0,0.0001,0.001,0.5,0.0001,
105,KL,0,5,500,2,20,999,999,999,2,10.0,10.0,0.0001,0.001,0.5,1e-05,
106,KL,0,5,500,2,20,999,999,999,2,10.0,10.0,0.0001,0.001,1.0,0.0001,
107,KL,0,5,500,2,20,999,999,999,2,10.0,10.0,0.0001,0.001,1.0,1e-05,
108,KL,0,5,500,2,20,999,999,999,3,0.1,0.1,0.0001,0.001,0.1,0.0001,
109,KL,0,5,500,2,20,999,999,999,3,0.1,0.1,0.0001,0.001,0.1,1e-05,
110,KL,0,5,500,2,20,999,999,999,3,0.1,0.1,0.0001,0.001,0.5,0.0001,
111,KL,0,5,500,2,20,999,999,999,3,0.1,0.1,0.0001,0.001,0.5,1e-05,
112,KL,0,5,500,2,20,999,999,999,3,0.1,0.1,0.0001,0.001,1.0,0.0001,
113,KL,0,5,500,2,20,999,999,999,3,0.1,0.1,0.0001,0.001,1.0,1e-05,
114,KL,0,5,500,2,20,999,999,999,3,0.1,1.0,0.0001,0.001,0.1,0.0001,
115,KL,0,5,500,2,20,999,999,999,3,0.1,1.0,0.0001,0.001,0.1,1e-05,
116,KL,0,5,500,2,20,999,999,999,3,0.1,1.0,0.0001,0.001,0.5,0.0001,
117,KL,0,5,500,2,20,999,999,999,3,0.1,1.0,0.0001,0.001,0.5,1e-05,
118,KL,0,5,500,2,20,999,999,999,3,0.1,1.0,0.0001,0.001,1.0,0.0001,
119,KL,0,5,500,2,20,999,999,999,3,0.1,1.0,0.0001,0.001,1.0,1e-05,
120,KL,0,5,500,2,20,999,999,999,3,0.1,10.0,0.0001,0.001,0.1,0.0001,
121,KL,0,5,500,2,20,999,999,999,3,0.1,10.0,0.0001,0.001,0.1,1e-05,
122,KL,0,5,500,2,20,999,999,999,3,0.1,10.0,0.0001,0.001,0.5,0.0001,
123,KL,0,5,500,2,20,999,999,999,3,0.1,10.0,0.0001,0.001,0.5,1e-05,
124,KL,0,5,500,2,20,999,999,999,3,0.1,10.0,0.0001,0.001,1.0,0.0001,
125,KL,0,5,500,2,20,999,999,999,3,0.1,10.0,0.0001,0.001,1.0,1e-05,
126,KL,0,5,500,2,20,999,999,999,3,1.0,0.1,0.0001,0.001,0.1,0.0001,
127,KL,0,5,500,2,20,999,999,999,3,1.0,0.1,0.0001,0.001,0.1,1e-05,
128,KL,0,5,500,2,20,999,999,999,3,1.0,0.1,0.0001,0.001,0.5,0.0001,
129,KL,0,5,500,2,20,999,999,999,3,1.0,0.1,0.0001,0.001,0.5,1e-05,
130,KL,0,5,500,2,20,999,999,999,3,1.0,0.1,0.0001,0.001,1.0,0.0001,
131,KL,0,5,500,2,20,999,999,999,3,1.0,0.1,0.0001,0.001,1.0,1e-05,
132,KL,0,5,500,2,20,999,999,999,3,1.0,1.0,0.0001,0.001,0.1,0.0001,
133,KL,0,5,500,2,20,999,999,999,3,1.0,1.0,0.0001,0.001,0.1,1e-05,
134,KL,0,5,500,2,20,999,999,999,3,1.0,1.0,0.0001,0.001,0.5,0.0001,
135,KL,0,5,500,2,20,999,999,999,3,1.0,1.0,0.0001,0.001,0.5,1e-05,
136,KL,0,5,500,2,20,999,999,999,3,1.0,1.0,0.0001,0.001,1.0,0.0001,
137,KL,0,5,500,2,20,999,999,999,3,1.0,1.0,0.0001,0.001,1.0,1e-05,
138,KL,0,5,500,2,20,999,999,999,3,1.0,10.0,0.0001,0.001,0.1,0.0001,
139,KL,0,5,500,2,20,999,999,999,3,1.0,10.0,0.0001,0.001,0.1,1e-05,
140,KL,0,5,500,2,20,999,999,999,3,1.0,10.0,0.0001,0.001,0.5,0.0001,
141,KL,0,5,500,2,20,999,999,999,3,1.0,10.0,0.0001,0.001,0.5,1e-05,
142,KL,0,5,500,2,20,999,999,999,3,1.0,10.0,0.0001,0.001,1.0,0.0001,
143,KL,0,5,500,2,20,999,999,999,3,1.0,10.0,0.0001,0.001,1.0,1e-05,
144,KL,0,5,500,2,20,999,999,999,3,10.0,0.1,0.0001,0.001,0.1,0.0001,
145,KL,0,5,500,2,20,999,999,999,3,10.0,0.1,0.0001,0.001,0.1,1e-05,
146,KL,0,5,500,2,20,999,999,999,3,10.0,0.1,0.0001,0.001,0.5,0.0001,
147,KL,0,5,500,2,20,999,999,999,3,10.0,0.1,0.0001,0.001,0.5,1e-05,
148,KL,0,5,500,2,20,999,999,999,3,10.0,0.1,0.0001,0.001,1.0,0.0001,
149,KL,0,5,500,2,20,999,999,999,3,10.0,0.1,0.0001,0.001,1.0,1e-05,
150,KL,0,5,500,2,20,999,999,999,3,10.0,1.0,0.0001,0.001,0.1,0.0001,
151,KL,0,5,500,2,20,999,999,999,3,10.0,1.0,0.0001,0.001,0.1,1e-05,
152,KL,0,5,500,2,20,999,999,999,3,10.0,1.0,0.0001,0.001,0.5,0.0001,
153,KL,0,5,500,2,20,999,999,999,3,10.0,1.0,0.0001,0.001,0.5,1e-05,
154,KL,0,5,500,2,20,999,999,999,3,10.0,1.0,0.0001,0.001,1.0,0.0001,
155,KL,0,5,500,2,20,999,999,999,3,10.0,1.0,0.0001,0.001,1.0,1e-05,
156,KL,0,5,500,2,20,999,999,999,3,10.0,10.0,0.0001,0.001,0.1,0.0001,
157,KL,0,5,500,2,20,999,999,999,3,10.0,10.0,0.0001,0.001,0.1,1e-05,
158,KL,0,5,500,2,20,999,999,999,3,10.0,10.0,0.0001,0.001,0.5,0.0001,
159,KL,0,5,500,2,20,999,999,999,3,10.0,10.0,0.0001,0.001,0.5,1e-05,
160,KL,0,5,500,2,20,999,999,999,3,10.0,10.0,0.0001,0.001,1.0,0.0001,
161,KL,0,5,500,2,20,999,999,999,3,10.0,10.0,0.0001,0.001,1.0,1e-05,
