animate_021_right.png,-0.49086037970155516,-0.2438851477290616,0.01267700961956406
animate_031_left.png,1.0,-0.286048177612184,-0.24203654634148555
animate_030_left.png,0.37882984108563045,0.3700817300093179,-0.2991855062947589
animate_035_right.png,0.20873211026793892,-0.6098135187545548,0.4804269296034586
animate_014_right.png,0.05183091948633793,0.4782171845198113,0.18076718336239464
animate_038_right.png,-0.44229060512960977,0.14149258068399098,-0.01628226038490572
animate_019_right.png,0.9773213567130361,-0.34813421691880203,-0.29750369644273406
animate_005_left.png,-0.577278149114052,-0.6547793406719967,-0.038023453694176694
animate_004_left.png,0.33872685922292217,-0.5865770710036026,-0.6385320127309941
animate_012_right.png,0.5786111648956661,0.17347068621128053,-0.010955898668762424
animate_026_left.png,-0.12268289370054765,-0.23051974513952853,-0.2584199606973603
animate_027_left.png,-0.29305326690120814,0.2621242637299378,0.07215335306006512
animate_006_right.png,-0.2500924777652086,0.1552045494142257,-0.3093391483795924
animate_018_left.png,-0.37545492306925593,0.8384094783517778,-0.4239374348146227
animate_019_left.png,0.9999999999999996,-0.286048177612184,-0.24203654634148555
animate_027_right.png,-0.32512304768405037,0.16617466951796425,0.059468822261178125
animate_033_right.png,0.4519560781736123,-0.09856340423941795,-0.11029122715689842
animate_012_left.png,0.6885343320986587,0.2329780688788125,-0.05930292401747889
animate_013_left.png,0.6183133454851515,-0.4687189989453857,-0.11711941522014305
animate_021_left.png,-0.3478928065042759,-0.2803870185228065,0.12173967863192486
animate_020_left.png,0.06102470737964011,0.16081347777353153,-0.07480355451383527
animate_034_right.png,0.47824158555689744,0.261579810295562,0.5217167839199613
animate_020_right.png,0.01088845054211533,0.1902713928209642,0.1454590737939552
animate_001_right.png,-0.7262210461192697,-0.08535972082081893,-0.029955052123317956
animate_015_right.png,0.120182230010831,-0.2106141278227026,0.5482933307730925
animate_039_right.png,0.24506223988853554,0.013389176370172732,0.2519198943455922
animate_018_right.png,-0.7045205695953296,0.7466262106945464,-0.40004438642993595
animate_015_left.png,0.15435348466520968,-0.3352665242033056,0.7519769208832496
animate_014_left.png,-0.4470380052683251,0.8776011920192531,0.11334365123555187
animate_007_right.png,0.2506773145305935,-0.20945249395353457,-0.029964865482368166
animate_013_right.png,0.601980614915228,0.014020801586063503,0.07051627064145811
animate_036_left.png,-0.217844576189518,-0.3217432787109575,0.1284712904740131
animate_037_left.png,-0.7289107218587051,-0.06075434144370383,0.4333104021388345
animate_032_right.png,-0.00038061588742836425,0.6857731679823594,-0.35322357003847094
animate_040_left.png,-0.43729938770868204,-0.47966769290536054,0.031221483533739693
animate_008_left.png,-0.14453780068273317,0.6023516141113079,-0.00853771670419675
animate_009_left.png,-0.2747345927554579,0.20731880388729268,-0.001383801946290647
animate_026_right.png,-0.13457474985745488,-0.20149379565404754,-0.08878910678292382
animate_002_left.png,-0.19189095770644188,0.630342609301591,-0.00823680858399142
animate_003_left.png,-0.5097407425166867,-0.23574901178863292,0.026360511314298868
animate_016_right.png,0.4064064957841489,0.4471951572191518,0.467835315704703
animate_002_right.png,-0.2593508933253863,0.4323269715436486,0.1304716999007802
animate_023_right.png,-0.3537815229484409,-0.5958135830457053,-0.5011698265510844
animate_011_left.png,-0.3231555555051754,-0.2517727200850026,-0.4840698243050927
animate_010_left.png,0.8049842383558156,-0.36498886380384155,-0.0027165240026910988
animate_037_right.png,-0.7614893139249131,0.0015997610926183625,0.527015517800463
animate_025_left.png,-0.001842789104789416,-0.377483984803196,0.22291397176209576
animate_024_left.png,-0.6348462694174893,-0.3815710231968698,0.01744839489744831
animate_040_right.png,-0.4917499340893056,-0.4013372512520579,-0.058294847810396545
animate_038_left.png,-0.6017728194890015,0.012897895020831392,-0.3088456795200358
animate_025_right.png,-0.017722380491717444,-0.06038576978165585,0.27794788595142844
animate_039_left.png,0.41174618246612915,-0.001531702506291364,0.09874575662607109
animate_031_right.png,0.9773213567130365,-0.34813421691880203,-0.2975036964427346
animate_010_right.png,0.5804261634636314,-0.4497539505580506,0.07316786650072882
animate_006_left.png,-0.23329949614544762,0.0643475368575048,-0.20467879713001183
animate_007_left.png,0.13817165249179414,-0.09086311422012941,-0.16222091467137406
animate_004_right.png,0.3495474879446096,-0.4021016411745487,-0.5033638481599692
animate_028_right.png,-1.0000000000000002,0.062213048855565584,-0.09085502593980123
animate_032_left.png,-0.17886038952230188,0.4605513686229101,-0.27997438648698547
animate_033_left.png,0.3501936541788975,-0.10989374616291805,-0.1109412339396388
animate_009_right.png,-0.28805434489353715,0.12557851713520554,0.11017852703824861
animate_003_right.png,-0.47651070643141746,-0.4259519724460329,-0.13210523999587176
animate_017_right.png,0.6662480366967763,0.6478868058769263,-0.48681507395749396
animate_001_left.png,-0.7762899149430635,-0.002293392699890642,-0.08711960528811115
animate_036_right.png,-0.11871053385905615,-0.4331475999873356,0.0654359749454631
animate_022_right.png,0.1913348678725115,0.4412144899650027,0.1467617926922048
animate_035_left.png,0.379375776076298,-0.5587859470511143,0.38966566199730013
animate_034_left.png,0.349217230370618,0.40042975894470306,0.4657308890387169
animate_030_right.png,0.2302047721658109,0.21824388424034338,-0.49972863072760104
animate_028_left.png,-0.8203558852773609,-0.13999667595455054,0.13469136984416566
animate_024_right.png,-0.657950950019156,-0.40957363094624777,0.11710823523689387
animate_029_left.png,0.23658234210817403,-0.11399628731332448,0.5675121316842615
animate_005_right.png,-0.500046648267289,-0.576867025835492,-0.06573507109276082
animate_011_right.png,-0.3732505624008336,-0.2462074852241102,-0.5569719553817469
animate_016_left.png,0.529282141425962,0.5731280304664959,0.6276416340655248
animate_017_left.png,0.5670791293714991,0.540168063421702,-0.3283311799788389
animate_022_left.png,-0.0387652164966173,0.23334771833856072,-0.331230579326132
animate_023_left.png,-0.21322809542524904,-0.4116725629772509,-0.48647522731506765
animate_029_right.png,0.18344819004354676,-0.15856139839017835,0.4012410779440023
animate_008_right.png,0.12043806571827656,0.5007087554984482,0.06953364906352853
