,trial_id,embedding_type,feature_n,fam_duration,test_type,fam,test,violation_type
0,0,resnet_pa,3,0,fam,animate_001_left.png,animate_001_left.png,background
1,1,resnet_pa,3,0,fam,animate_002_left.png,animate_002_left.png,background
2,2,resnet_pa,3,0,fam,animate_001_right.png,animate_001_right.png,background
3,3,resnet_pa,3,0,fam,animate_002_right.png,animate_002_right.png,background
4,4,resnet_pa,3,0,fam,animate_003_left.png,animate_003_left.png,background
5,5,resnet_pa,3,0,fam,animate_004_left.png,animate_004_left.png,background
6,6,resnet_pa,3,0,fam,animate_003_right.png,animate_003_right.png,background
7,7,resnet_pa,3,0,fam,animate_004_right.png,animate_004_right.png,background
8,8,resnet_pa,3,0,fam,animate_005_left.png,animate_005_left.png,background
9,9,resnet_pa,3,0,fam,animate_006_left.png,animate_006_left.png,background
10,10,resnet_pa,3,0,fam,animate_005_right.png,animate_005_right.png,background
11,11,resnet_pa,3,0,fam,animate_006_right.png,animate_006_right.png,background
12,12,resnet_pa,3,0,fam,animate_007_left.png,animate_007_left.png,background
13,13,resnet_pa,3,0,fam,animate_008_left.png,animate_008_left.png,background
14,14,resnet_pa,3,0,fam,animate_007_right.png,animate_007_right.png,background
15,15,resnet_pa,3,0,fam,animate_008_right.png,animate_008_right.png,background
16,16,resnet_pa,3,0,fam,animate_009_left.png,animate_009_left.png,background
17,17,resnet_pa,3,0,fam,animate_010_left.png,animate_010_left.png,background
18,18,resnet_pa,3,0,fam,animate_009_right.png,animate_009_right.png,background
19,19,resnet_pa,3,0,fam,animate_010_right.png,animate_010_right.png,background
20,20,resnet_pa,3,0,fam,animate_011_left.png,animate_011_left.png,background
21,21,resnet_pa,3,0,fam,animate_012_left.png,animate_012_left.png,background
22,22,resnet_pa,3,0,fam,animate_011_right.png,animate_011_right.png,background
23,23,resnet_pa,3,0,fam,animate_012_right.png,animate_012_right.png,background
24,24,resnet_pa,3,0,novel,animate_001_left.png,animate_002_left.png,identity
25,25,resnet_pa,3,0,novel,animate_002_left.png,animate_001_left.png,identity
26,26,resnet_pa,3,0,novel,animate_001_right.png,animate_002_right.png,identity
27,27,resnet_pa,3,0,novel,animate_002_right.png,animate_001_right.png,identity
28,28,resnet_pa,3,0,novel,animate_003_left.png,animate_004_left.png,identity
29,29,resnet_pa,3,0,novel,animate_004_left.png,animate_003_left.png,identity
30,30,resnet_pa,3,0,novel,animate_003_right.png,animate_004_right.png,identity
31,31,resnet_pa,3,0,novel,animate_004_right.png,animate_003_right.png,identity
32,32,resnet_pa,3,0,novel,animate_005_left.png,animate_006_left.png,identity
33,33,resnet_pa,3,0,novel,animate_006_left.png,animate_005_left.png,identity
34,34,resnet_pa,3,0,novel,animate_005_right.png,animate_006_right.png,identity
35,35,resnet_pa,3,0,novel,animate_006_right.png,animate_005_right.png,identity
36,36,resnet_pa,3,0,novel,animate_007_left.png,animate_008_left.png,identity
37,37,resnet_pa,3,0,novel,animate_008_left.png,animate_007_left.png,identity
38,38,resnet_pa,3,0,novel,animate_007_right.png,animate_008_right.png,identity
39,39,resnet_pa,3,0,novel,animate_008_right.png,animate_007_right.png,identity
40,40,resnet_pa,3,0,novel,animate_009_left.png,animate_010_left.png,identity
41,41,resnet_pa,3,0,novel,animate_010_left.png,animate_009_left.png,identity
42,42,resnet_pa,3,0,novel,animate_009_right.png,animate_010_right.png,identity
43,43,resnet_pa,3,0,novel,animate_010_right.png,animate_009_right.png,identity
44,44,resnet_pa,3,0,novel,animate_011_left.png,animate_012_left.png,identity
45,45,resnet_pa,3,0,novel,animate_012_left.png,animate_011_left.png,identity
46,46,resnet_pa,3,0,novel,animate_011_right.png,animate_012_right.png,identity
47,47,resnet_pa,3,0,novel,animate_012_right.png,animate_012_right.png,identity
48,48,resnet_pa,3,1,fam,animate_001_left.png,animate_001_left.png,background
49,49,resnet_pa,3,1,fam,animate_002_left.png,animate_002_left.png,background
50,50,resnet_pa,3,1,fam,animate_001_right.png,animate_001_right.png,background
51,51,resnet_pa,3,1,fam,animate_002_right.png,animate_002_right.png,background
52,52,resnet_pa,3,1,fam,animate_003_left.png,animate_003_left.png,background
53,53,resnet_pa,3,1,fam,animate_004_left.png,animate_004_left.png,background
54,54,resnet_pa,3,1,fam,animate_003_right.png,animate_003_right.png,background
55,55,resnet_pa,3,1,fam,animate_004_right.png,animate_004_right.png,background
56,56,resnet_pa,3,1,fam,animate_005_left.png,animate_005_left.png,background
57,57,resnet_pa,3,1,fam,animate_006_left.png,animate_006_left.png,background
58,58,resnet_pa,3,1,fam,animate_005_right.png,animate_005_right.png,background
59,59,resnet_pa,3,1,fam,animate_006_right.png,animate_006_right.png,background
60,60,resnet_pa,3,1,fam,animate_007_left.png,animate_007_left.png,background
61,61,resnet_pa,3,1,fam,animate_008_left.png,animate_008_left.png,background
62,62,resnet_pa,3,1,fam,animate_007_right.png,animate_007_right.png,background
63,63,resnet_pa,3,1,fam,animate_008_right.png,animate_008_right.png,background
64,64,resnet_pa,3,1,fam,animate_009_left.png,animate_009_left.png,background
65,65,resnet_pa,3,1,fam,animate_010_left.png,animate_010_left.png,background
66,66,resnet_pa,3,1,fam,animate_009_right.png,animate_009_right.png,background
67,67,resnet_pa,3,1,fam,animate_010_right.png,animate_010_right.png,background
68,68,resnet_pa,3,1,fam,animate_011_left.png,animate_011_left.png,background
69,69,resnet_pa,3,1,fam,animate_012_left.png,animate_012_left.png,background
70,70,resnet_pa,3,1,fam,animate_011_right.png,animate_011_right.png,background
71,71,resnet_pa,3,1,fam,animate_012_right.png,animate_012_right.png,background
72,72,resnet_pa,3,1,novel,animate_001_left.png,animate_002_left.png,identity
73,73,resnet_pa,3,1,novel,animate_002_left.png,animate_001_left.png,identity
74,74,resnet_pa,3,1,novel,animate_001_right.png,animate_002_right.png,identity
75,75,resnet_pa,3,1,novel,animate_002_right.png,animate_001_right.png,identity
76,76,resnet_pa,3,1,novel,animate_003_left.png,animate_004_left.png,identity
77,77,resnet_pa,3,1,novel,animate_004_left.png,animate_003_left.png,identity
78,78,resnet_pa,3,1,novel,animate_003_right.png,animate_004_right.png,identity
79,79,resnet_pa,3,1,novel,animate_004_right.png,animate_003_right.png,identity
80,80,resnet_pa,3,1,novel,animate_005_left.png,animate_006_left.png,identity
81,81,resnet_pa,3,1,novel,animate_006_left.png,animate_005_left.png,identity
82,82,resnet_pa,3,1,novel,animate_005_right.png,animate_006_right.png,identity
83,83,resnet_pa,3,1,novel,animate_006_right.png,animate_005_right.png,identity
84,84,resnet_pa,3,1,novel,animate_007_left.png,animate_008_left.png,identity
85,85,resnet_pa,3,1,novel,animate_008_left.png,animate_007_left.png,identity
86,86,resnet_pa,3,1,novel,animate_007_right.png,animate_008_right.png,identity
87,87,resnet_pa,3,1,novel,animate_008_right.png,animate_007_right.png,identity
88,88,resnet_pa,3,1,novel,animate_009_left.png,animate_010_left.png,identity
89,89,resnet_pa,3,1,novel,animate_010_left.png,animate_009_left.png,identity
90,90,resnet_pa,3,1,novel,animate_009_right.png,animate_010_right.png,identity
91,91,resnet_pa,3,1,novel,animate_010_right.png,animate_009_right.png,identity
92,92,resnet_pa,3,1,novel,animate_011_left.png,animate_012_left.png,identity
93,93,resnet_pa,3,1,novel,animate_012_left.png,animate_011_left.png,identity
94,94,resnet_pa,3,1,novel,animate_011_right.png,animate_012_right.png,identity
95,95,resnet_pa,3,1,novel,animate_012_right.png,animate_012_right.png,identity
96,96,resnet_pa,3,2,fam,animate_001_left.png,animate_001_left.png,background
97,97,resnet_pa,3,2,fam,animate_002_left.png,animate_002_left.png,background
98,98,resnet_pa,3,2,fam,animate_001_right.png,animate_001_right.png,background
99,99,resnet_pa,3,2,fam,animate_002_right.png,animate_002_right.png,background
100,100,resnet_pa,3,2,fam,animate_003_left.png,animate_003_left.png,background
101,101,resnet_pa,3,2,fam,animate_004_left.png,animate_004_left.png,background
102,102,resnet_pa,3,2,fam,animate_003_right.png,animate_003_right.png,background
103,103,resnet_pa,3,2,fam,animate_004_right.png,animate_004_right.png,background
104,104,resnet_pa,3,2,fam,animate_005_left.png,animate_005_left.png,background
105,105,resnet_pa,3,2,fam,animate_006_left.png,animate_006_left.png,background
106,106,resnet_pa,3,2,fam,animate_005_right.png,animate_005_right.png,background
107,107,resnet_pa,3,2,fam,animate_006_right.png,animate_006_right.png,background
108,108,resnet_pa,3,2,fam,animate_007_left.png,animate_007_left.png,background
109,109,resnet_pa,3,2,fam,animate_008_left.png,animate_008_left.png,background
110,110,resnet_pa,3,2,fam,animate_007_right.png,animate_007_right.png,background
111,111,resnet_pa,3,2,fam,animate_008_right.png,animate_008_right.png,background
112,112,resnet_pa,3,2,fam,animate_009_left.png,animate_009_left.png,background
113,113,resnet_pa,3,2,fam,animate_010_left.png,animate_010_left.png,background
114,114,resnet_pa,3,2,fam,animate_009_right.png,animate_009_right.png,background
115,115,resnet_pa,3,2,fam,animate_010_right.png,animate_010_right.png,background
116,116,resnet_pa,3,2,fam,animate_011_left.png,animate_011_left.png,background
117,117,resnet_pa,3,2,fam,animate_012_left.png,animate_012_left.png,background
118,118,resnet_pa,3,2,fam,animate_011_right.png,animate_011_right.png,background
119,119,resnet_pa,3,2,fam,animate_012_right.png,animate_012_right.png,background
120,120,resnet_pa,3,2,novel,animate_001_left.png,animate_002_left.png,identity
121,121,resnet_pa,3,2,novel,animate_002_left.png,animate_001_left.png,identity
122,122,resnet_pa,3,2,novel,animate_001_right.png,animate_002_right.png,identity
123,123,resnet_pa,3,2,novel,animate_002_right.png,animate_001_right.png,identity
124,124,resnet_pa,3,2,novel,animate_003_left.png,animate_004_left.png,identity
125,125,resnet_pa,3,2,novel,animate_004_left.png,animate_003_left.png,identity
126,126,resnet_pa,3,2,novel,animate_003_right.png,animate_004_right.png,identity
127,127,resnet_pa,3,2,novel,animate_004_right.png,animate_003_right.png,identity
128,128,resnet_pa,3,2,novel,animate_005_left.png,animate_006_left.png,identity
129,129,resnet_pa,3,2,novel,animate_006_left.png,animate_005_left.png,identity
130,130,resnet_pa,3,2,novel,animate_005_right.png,animate_006_right.png,identity
131,131,resnet_pa,3,2,novel,animate_006_right.png,animate_005_right.png,identity
132,132,resnet_pa,3,2,novel,animate_007_left.png,animate_008_left.png,identity
133,133,resnet_pa,3,2,novel,animate_008_left.png,animate_007_left.png,identity
134,134,resnet_pa,3,2,novel,animate_007_right.png,animate_008_right.png,identity
135,135,resnet_pa,3,2,novel,animate_008_right.png,animate_007_right.png,identity
136,136,resnet_pa,3,2,novel,animate_009_left.png,animate_010_left.png,identity
137,137,resnet_pa,3,2,novel,animate_010_left.png,animate_009_left.png,identity
138,138,resnet_pa,3,2,novel,animate_009_right.png,animate_010_right.png,identity
139,139,resnet_pa,3,2,novel,animate_010_right.png,animate_009_right.png,identity
140,140,resnet_pa,3,2,novel,animate_011_left.png,animate_012_left.png,identity
141,141,resnet_pa,3,2,novel,animate_012_left.png,animate_011_left.png,identity
142,142,resnet_pa,3,2,novel,animate_011_right.png,animate_012_right.png,identity
143,143,resnet_pa,3,2,novel,animate_012_right.png,animate_012_right.png,identity
144,144,resnet_pa,3,3,fam,animate_001_left.png,animate_001_left.png,background
145,145,resnet_pa,3,3,fam,animate_002_left.png,animate_002_left.png,background
146,146,resnet_pa,3,3,fam,animate_001_right.png,animate_001_right.png,background
147,147,resnet_pa,3,3,fam,animate_002_right.png,animate_002_right.png,background
148,148,resnet_pa,3,3,fam,animate_003_left.png,animate_003_left.png,background
149,149,resnet_pa,3,3,fam,animate_004_left.png,animate_004_left.png,background
150,150,resnet_pa,3,3,fam,animate_003_right.png,animate_003_right.png,background
151,151,resnet_pa,3,3,fam,animate_004_right.png,animate_004_right.png,background
152,152,resnet_pa,3,3,fam,animate_005_left.png,animate_005_left.png,background
153,153,resnet_pa,3,3,fam,animate_006_left.png,animate_006_left.png,background
154,154,resnet_pa,3,3,fam,animate_005_right.png,animate_005_right.png,background
155,155,resnet_pa,3,3,fam,animate_006_right.png,animate_006_right.png,background
156,156,resnet_pa,3,3,fam,animate_007_left.png,animate_007_left.png,background
157,157,resnet_pa,3,3,fam,animate_008_left.png,animate_008_left.png,background
158,158,resnet_pa,3,3,fam,animate_007_right.png,animate_007_right.png,background
159,159,resnet_pa,3,3,fam,animate_008_right.png,animate_008_right.png,background
160,160,resnet_pa,3,3,fam,animate_009_left.png,animate_009_left.png,background
161,161,resnet_pa,3,3,fam,animate_010_left.png,animate_010_left.png,background
162,162,resnet_pa,3,3,fam,animate_009_right.png,animate_009_right.png,background
163,163,resnet_pa,3,3,fam,animate_010_right.png,animate_010_right.png,background
164,164,resnet_pa,3,3,fam,animate_011_left.png,animate_011_left.png,background
165,165,resnet_pa,3,3,fam,animate_012_left.png,animate_012_left.png,background
166,166,resnet_pa,3,3,fam,animate_011_right.png,animate_011_right.png,background
167,167,resnet_pa,3,3,fam,animate_012_right.png,animate_012_right.png,background
168,168,resnet_pa,3,3,novel,animate_001_left.png,animate_002_left.png,identity
169,169,resnet_pa,3,3,novel,animate_002_left.png,animate_001_left.png,identity
170,170,resnet_pa,3,3,novel,animate_001_right.png,animate_002_right.png,identity
171,171,resnet_pa,3,3,novel,animate_002_right.png,animate_001_right.png,identity
172,172,resnet_pa,3,3,novel,animate_003_left.png,animate_004_left.png,identity
173,173,resnet_pa,3,3,novel,animate_004_left.png,animate_003_left.png,identity
174,174,resnet_pa,3,3,novel,animate_003_right.png,animate_004_right.png,identity
175,175,resnet_pa,3,3,novel,animate_004_right.png,animate_003_right.png,identity
176,176,resnet_pa,3,3,novel,animate_005_left.png,animate_006_left.png,identity
177,177,resnet_pa,3,3,novel,animate_006_left.png,animate_005_left.png,identity
178,178,resnet_pa,3,3,novel,animate_005_right.png,animate_006_right.png,identity
179,179,resnet_pa,3,3,novel,animate_006_right.png,animate_005_right.png,identity
180,180,resnet_pa,3,3,novel,animate_007_left.png,animate_008_left.png,identity
181,181,resnet_pa,3,3,novel,animate_008_left.png,animate_007_left.png,identity
182,182,resnet_pa,3,3,novel,animate_007_right.png,animate_008_right.png,identity
183,183,resnet_pa,3,3,novel,animate_008_right.png,animate_007_right.png,identity
184,184,resnet_pa,3,3,novel,animate_009_left.png,animate_010_left.png,identity
185,185,resnet_pa,3,3,novel,animate_010_left.png,animate_009_left.png,identity
186,186,resnet_pa,3,3,novel,animate_009_right.png,animate_010_right.png,identity
187,187,resnet_pa,3,3,novel,animate_010_right.png,animate_009_right.png,identity
188,188,resnet_pa,3,3,novel,animate_011_left.png,animate_012_left.png,identity
189,189,resnet_pa,3,3,novel,animate_012_left.png,animate_011_left.png,identity
190,190,resnet_pa,3,3,novel,animate_011_right.png,animate_012_right.png,identity
191,191,resnet_pa,3,3,novel,animate_012_right.png,animate_012_right.png,identity
192,192,resnet_pa,3,4,fam,animate_001_left.png,animate_001_left.png,background
193,193,resnet_pa,3,4,fam,animate_002_left.png,animate_002_left.png,background
194,194,resnet_pa,3,4,fam,animate_001_right.png,animate_001_right.png,background
195,195,resnet_pa,3,4,fam,animate_002_right.png,animate_002_right.png,background
196,196,resnet_pa,3,4,fam,animate_003_left.png,animate_003_left.png,background
197,197,resnet_pa,3,4,fam,animate_004_left.png,animate_004_left.png,background
198,198,resnet_pa,3,4,fam,animate_003_right.png,animate_003_right.png,background
199,199,resnet_pa,3,4,fam,animate_004_right.png,animate_004_right.png,background
200,200,resnet_pa,3,4,fam,animate_005_left.png,animate_005_left.png,background
201,201,resnet_pa,3,4,fam,animate_006_left.png,animate_006_left.png,background
202,202,resnet_pa,3,4,fam,animate_005_right.png,animate_005_right.png,background
203,203,resnet_pa,3,4,fam,animate_006_right.png,animate_006_right.png,background
204,204,resnet_pa,3,4,fam,animate_007_left.png,animate_007_left.png,background
205,205,resnet_pa,3,4,fam,animate_008_left.png,animate_008_left.png,background
206,206,resnet_pa,3,4,fam,animate_007_right.png,animate_007_right.png,background
207,207,resnet_pa,3,4,fam,animate_008_right.png,animate_008_right.png,background
208,208,resnet_pa,3,4,fam,animate_009_left.png,animate_009_left.png,background
209,209,resnet_pa,3,4,fam,animate_010_left.png,animate_010_left.png,background
210,210,resnet_pa,3,4,fam,animate_009_right.png,animate_009_right.png,background
211,211,resnet_pa,3,4,fam,animate_010_right.png,animate_010_right.png,background
212,212,resnet_pa,3,4,fam,animate_011_left.png,animate_011_left.png,background
213,213,resnet_pa,3,4,fam,animate_012_left.png,animate_012_left.png,background
214,214,resnet_pa,3,4,fam,animate_011_right.png,animate_011_right.png,background
215,215,resnet_pa,3,4,fam,animate_012_right.png,animate_012_right.png,background
216,216,resnet_pa,3,4,novel,animate_001_left.png,animate_002_left.png,identity
217,217,resnet_pa,3,4,novel,animate_002_left.png,animate_001_left.png,identity
218,218,resnet_pa,3,4,novel,animate_001_right.png,animate_002_right.png,identity
219,219,resnet_pa,3,4,novel,animate_002_right.png,animate_001_right.png,identity
220,220,resnet_pa,3,4,novel,animate_003_left.png,animate_004_left.png,identity
221,221,resnet_pa,3,4,novel,animate_004_left.png,animate_003_left.png,identity
222,222,resnet_pa,3,4,novel,animate_003_right.png,animate_004_right.png,identity
223,223,resnet_pa,3,4,novel,animate_004_right.png,animate_003_right.png,identity
224,224,resnet_pa,3,4,novel,animate_005_left.png,animate_006_left.png,identity
225,225,resnet_pa,3,4,novel,animate_006_left.png,animate_005_left.png,identity
226,226,resnet_pa,3,4,novel,animate_005_right.png,animate_006_right.png,identity
227,227,resnet_pa,3,4,novel,animate_006_right.png,animate_005_right.png,identity
228,228,resnet_pa,3,4,novel,animate_007_left.png,animate_008_left.png,identity
229,229,resnet_pa,3,4,novel,animate_008_left.png,animate_007_left.png,identity
230,230,resnet_pa,3,4,novel,animate_007_right.png,animate_008_right.png,identity
231,231,resnet_pa,3,4,novel,animate_008_right.png,animate_007_right.png,identity
232,232,resnet_pa,3,4,novel,animate_009_left.png,animate_010_left.png,identity
233,233,resnet_pa,3,4,novel,animate_010_left.png,animate_009_left.png,identity
234,234,resnet_pa,3,4,novel,animate_009_right.png,animate_010_right.png,identity
235,235,resnet_pa,3,4,novel,animate_010_right.png,animate_009_right.png,identity
236,236,resnet_pa,3,4,novel,animate_011_left.png,animate_012_left.png,identity
237,237,resnet_pa,3,4,novel,animate_012_left.png,animate_011_left.png,identity
238,238,resnet_pa,3,4,novel,animate_011_right.png,animate_012_right.png,identity
239,239,resnet_pa,3,4,novel,animate_012_right.png,animate_012_right.png,identity
240,240,resnet_pa,3,5,fam,animate_001_left.png,animate_001_left.png,background
241,241,resnet_pa,3,5,fam,animate_002_left.png,animate_002_left.png,background
242,242,resnet_pa,3,5,fam,animate_001_right.png,animate_001_right.png,background
243,243,resnet_pa,3,5,fam,animate_002_right.png,animate_002_right.png,background
244,244,resnet_pa,3,5,fam,animate_003_left.png,animate_003_left.png,background
245,245,resnet_pa,3,5,fam,animate_004_left.png,animate_004_left.png,background
246,246,resnet_pa,3,5,fam,animate_003_right.png,animate_003_right.png,background
247,247,resnet_pa,3,5,fam,animate_004_right.png,animate_004_right.png,background
248,248,resnet_pa,3,5,fam,animate_005_left.png,animate_005_left.png,background
249,249,resnet_pa,3,5,fam,animate_006_left.png,animate_006_left.png,background
250,250,resnet_pa,3,5,fam,animate_005_right.png,animate_005_right.png,background
251,251,resnet_pa,3,5,fam,animate_006_right.png,animate_006_right.png,background
252,252,resnet_pa,3,5,fam,animate_007_left.png,animate_007_left.png,background
253,253,resnet_pa,3,5,fam,animate_008_left.png,animate_008_left.png,background
254,254,resnet_pa,3,5,fam,animate_007_right.png,animate_007_right.png,background
255,255,resnet_pa,3,5,fam,animate_008_right.png,animate_008_right.png,background
256,256,resnet_pa,3,5,fam,animate_009_left.png,animate_009_left.png,background
257,257,resnet_pa,3,5,fam,animate_010_left.png,animate_010_left.png,background
258,258,resnet_pa,3,5,fam,animate_009_right.png,animate_009_right.png,background
259,259,resnet_pa,3,5,fam,animate_010_right.png,animate_010_right.png,background
260,260,resnet_pa,3,5,fam,animate_011_left.png,animate_011_left.png,background
261,261,resnet_pa,3,5,fam,animate_012_left.png,animate_012_left.png,background
262,262,resnet_pa,3,5,fam,animate_011_right.png,animate_011_right.png,background
263,263,resnet_pa,3,5,fam,animate_012_right.png,animate_012_right.png,background
264,264,resnet_pa,3,5,novel,animate_001_left.png,animate_002_left.png,identity
265,265,resnet_pa,3,5,novel,animate_002_left.png,animate_001_left.png,identity
266,266,resnet_pa,3,5,novel,animate_001_right.png,animate_002_right.png,identity
267,267,resnet_pa,3,5,novel,animate_002_right.png,animate_001_right.png,identity
268,268,resnet_pa,3,5,novel,animate_003_left.png,animate_004_left.png,identity
269,269,resnet_pa,3,5,novel,animate_004_left.png,animate_003_left.png,identity
270,270,resnet_pa,3,5,novel,animate_003_right.png,animate_004_right.png,identity
271,271,resnet_pa,3,5,novel,animate_004_right.png,animate_003_right.png,identity
272,272,resnet_pa,3,5,novel,animate_005_left.png,animate_006_left.png,identity
273,273,resnet_pa,3,5,novel,animate_006_left.png,animate_005_left.png,identity
274,274,resnet_pa,3,5,novel,animate_005_right.png,animate_006_right.png,identity
275,275,resnet_pa,3,5,novel,animate_006_right.png,animate_005_right.png,identity
276,276,resnet_pa,3,5,novel,animate_007_left.png,animate_008_left.png,identity
277,277,resnet_pa,3,5,novel,animate_008_left.png,animate_007_left.png,identity
278,278,resnet_pa,3,5,novel,animate_007_right.png,animate_008_right.png,identity
279,279,resnet_pa,3,5,novel,animate_008_right.png,animate_007_right.png,identity
280,280,resnet_pa,3,5,novel,animate_009_left.png,animate_010_left.png,identity
281,281,resnet_pa,3,5,novel,animate_010_left.png,animate_009_left.png,identity
282,282,resnet_pa,3,5,novel,animate_009_right.png,animate_010_right.png,identity
283,283,resnet_pa,3,5,novel,animate_010_right.png,animate_009_right.png,identity
284,284,resnet_pa,3,5,novel,animate_011_left.png,animate_012_left.png,identity
285,285,resnet_pa,3,5,novel,animate_012_left.png,animate_011_left.png,identity
286,286,resnet_pa,3,5,novel,animate_011_right.png,animate_012_right.png,identity
287,287,resnet_pa,3,5,novel,animate_012_right.png,animate_012_right.png,identity
288,288,resnet_pa,3,6,fam,animate_001_left.png,animate_001_left.png,background
289,289,resnet_pa,3,6,fam,animate_002_left.png,animate_002_left.png,background
290,290,resnet_pa,3,6,fam,animate_001_right.png,animate_001_right.png,background
291,291,resnet_pa,3,6,fam,animate_002_right.png,animate_002_right.png,background
292,292,resnet_pa,3,6,fam,animate_003_left.png,animate_003_left.png,background
293,293,resnet_pa,3,6,fam,animate_004_left.png,animate_004_left.png,background
294,294,resnet_pa,3,6,fam,animate_003_right.png,animate_003_right.png,background
295,295,resnet_pa,3,6,fam,animate_004_right.png,animate_004_right.png,background
296,296,resnet_pa,3,6,fam,animate_005_left.png,animate_005_left.png,background
297,297,resnet_pa,3,6,fam,animate_006_left.png,animate_006_left.png,background
298,298,resnet_pa,3,6,fam,animate_005_right.png,animate_005_right.png,background
299,299,resnet_pa,3,6,fam,animate_006_right.png,animate_006_right.png,background
300,300,resnet_pa,3,6,fam,animate_007_left.png,animate_007_left.png,background
301,301,resnet_pa,3,6,fam,animate_008_left.png,animate_008_left.png,background
302,302,resnet_pa,3,6,fam,animate_007_right.png,animate_007_right.png,background
303,303,resnet_pa,3,6,fam,animate_008_right.png,animate_008_right.png,background
304,304,resnet_pa,3,6,fam,animate_009_left.png,animate_009_left.png,background
305,305,resnet_pa,3,6,fam,animate_010_left.png,animate_010_left.png,background
306,306,resnet_pa,3,6,fam,animate_009_right.png,animate_009_right.png,background
307,307,resnet_pa,3,6,fam,animate_010_right.png,animate_010_right.png,background
308,308,resnet_pa,3,6,fam,animate_011_left.png,animate_011_left.png,background
309,309,resnet_pa,3,6,fam,animate_012_left.png,animate_012_left.png,background
310,310,resnet_pa,3,6,fam,animate_011_right.png,animate_011_right.png,background
311,311,resnet_pa,3,6,fam,animate_012_right.png,animate_012_right.png,background
312,312,resnet_pa,3,6,novel,animate_001_left.png,animate_002_left.png,identity
313,313,resnet_pa,3,6,novel,animate_002_left.png,animate_001_left.png,identity
314,314,resnet_pa,3,6,novel,animate_001_right.png,animate_002_right.png,identity
315,315,resnet_pa,3,6,novel,animate_002_right.png,animate_001_right.png,identity
316,316,resnet_pa,3,6,novel,animate_003_left.png,animate_004_left.png,identity
317,317,resnet_pa,3,6,novel,animate_004_left.png,animate_003_left.png,identity
318,318,resnet_pa,3,6,novel,animate_003_right.png,animate_004_right.png,identity
319,319,resnet_pa,3,6,novel,animate_004_right.png,animate_003_right.png,identity
320,320,resnet_pa,3,6,novel,animate_005_left.png,animate_006_left.png,identity
321,321,resnet_pa,3,6,novel,animate_006_left.png,animate_005_left.png,identity
322,322,resnet_pa,3,6,novel,animate_005_right.png,animate_006_right.png,identity
323,323,resnet_pa,3,6,novel,animate_006_right.png,animate_005_right.png,identity
324,324,resnet_pa,3,6,novel,animate_007_left.png,animate_008_left.png,identity
325,325,resnet_pa,3,6,novel,animate_008_left.png,animate_007_left.png,identity
326,326,resnet_pa,3,6,novel,animate_007_right.png,animate_008_right.png,identity
327,327,resnet_pa,3,6,novel,animate_008_right.png,animate_007_right.png,identity
328,328,resnet_pa,3,6,novel,animate_009_left.png,animate_010_left.png,identity
329,329,resnet_pa,3,6,novel,animate_010_left.png,animate_009_left.png,identity
330,330,resnet_pa,3,6,novel,animate_009_right.png,animate_010_right.png,identity
331,331,resnet_pa,3,6,novel,animate_010_right.png,animate_009_right.png,identity
332,332,resnet_pa,3,6,novel,animate_011_left.png,animate_012_left.png,identity
333,333,resnet_pa,3,6,novel,animate_012_left.png,animate_011_left.png,identity
334,334,resnet_pa,3,6,novel,animate_011_right.png,animate_012_right.png,identity
335,335,resnet_pa,3,6,novel,animate_012_right.png,animate_012_right.png,identity
336,336,resnet_pa,3,7,fam,animate_001_left.png,animate_001_left.png,background
337,337,resnet_pa,3,7,fam,animate_002_left.png,animate_002_left.png,background
338,338,resnet_pa,3,7,fam,animate_001_right.png,animate_001_right.png,background
339,339,resnet_pa,3,7,fam,animate_002_right.png,animate_002_right.png,background
340,340,resnet_pa,3,7,fam,animate_003_left.png,animate_003_left.png,background
341,341,resnet_pa,3,7,fam,animate_004_left.png,animate_004_left.png,background
342,342,resnet_pa,3,7,fam,animate_003_right.png,animate_003_right.png,background
343,343,resnet_pa,3,7,fam,animate_004_right.png,animate_004_right.png,background
344,344,resnet_pa,3,7,fam,animate_005_left.png,animate_005_left.png,background
345,345,resnet_pa,3,7,fam,animate_006_left.png,animate_006_left.png,background
346,346,resnet_pa,3,7,fam,animate_005_right.png,animate_005_right.png,background
347,347,resnet_pa,3,7,fam,animate_006_right.png,animate_006_right.png,background
348,348,resnet_pa,3,7,fam,animate_007_left.png,animate_007_left.png,background
349,349,resnet_pa,3,7,fam,animate_008_left.png,animate_008_left.png,background
350,350,resnet_pa,3,7,fam,animate_007_right.png,animate_007_right.png,background
351,351,resnet_pa,3,7,fam,animate_008_right.png,animate_008_right.png,background
352,352,resnet_pa,3,7,fam,animate_009_left.png,animate_009_left.png,background
353,353,resnet_pa,3,7,fam,animate_010_left.png,animate_010_left.png,background
354,354,resnet_pa,3,7,fam,animate_009_right.png,animate_009_right.png,background
355,355,resnet_pa,3,7,fam,animate_010_right.png,animate_010_right.png,background
356,356,resnet_pa,3,7,fam,animate_011_left.png,animate_011_left.png,background
357,357,resnet_pa,3,7,fam,animate_012_left.png,animate_012_left.png,background
358,358,resnet_pa,3,7,fam,animate_011_right.png,animate_011_right.png,background
359,359,resnet_pa,3,7,fam,animate_012_right.png,animate_012_right.png,background
360,360,resnet_pa,3,7,novel,animate_001_left.png,animate_002_left.png,identity
361,361,resnet_pa,3,7,novel,animate_002_left.png,animate_001_left.png,identity
362,362,resnet_pa,3,7,novel,animate_001_right.png,animate_002_right.png,identity
363,363,resnet_pa,3,7,novel,animate_002_right.png,animate_001_right.png,identity
364,364,resnet_pa,3,7,novel,animate_003_left.png,animate_004_left.png,identity
365,365,resnet_pa,3,7,novel,animate_004_left.png,animate_003_left.png,identity
366,366,resnet_pa,3,7,novel,animate_003_right.png,animate_004_right.png,identity
367,367,resnet_pa,3,7,novel,animate_004_right.png,animate_003_right.png,identity
368,368,resnet_pa,3,7,novel,animate_005_left.png,animate_006_left.png,identity
369,369,resnet_pa,3,7,novel,animate_006_left.png,animate_005_left.png,identity
370,370,resnet_pa,3,7,novel,animate_005_right.png,animate_006_right.png,identity
371,371,resnet_pa,3,7,novel,animate_006_right.png,animate_005_right.png,identity
372,372,resnet_pa,3,7,novel,animate_007_left.png,animate_008_left.png,identity
373,373,resnet_pa,3,7,novel,animate_008_left.png,animate_007_left.png,identity
374,374,resnet_pa,3,7,novel,animate_007_right.png,animate_008_right.png,identity
375,375,resnet_pa,3,7,novel,animate_008_right.png,animate_007_right.png,identity
376,376,resnet_pa,3,7,novel,animate_009_left.png,animate_010_left.png,identity
377,377,resnet_pa,3,7,novel,animate_010_left.png,animate_009_left.png,identity
378,378,resnet_pa,3,7,novel,animate_009_right.png,animate_010_right.png,identity
379,379,resnet_pa,3,7,novel,animate_010_right.png,animate_009_right.png,identity
380,380,resnet_pa,3,7,novel,animate_011_left.png,animate_012_left.png,identity
381,381,resnet_pa,3,7,novel,animate_012_left.png,animate_011_left.png,identity
382,382,resnet_pa,3,7,novel,animate_011_right.png,animate_012_right.png,identity
383,383,resnet_pa,3,7,novel,animate_012_right.png,animate_012_right.png,identity
384,384,resnet_pa,3,8,fam,animate_001_left.png,animate_001_left.png,background
385,385,resnet_pa,3,8,fam,animate_002_left.png,animate_002_left.png,background
386,386,resnet_pa,3,8,fam,animate_001_right.png,animate_001_right.png,background
387,387,resnet_pa,3,8,fam,animate_002_right.png,animate_002_right.png,background
388,388,resnet_pa,3,8,fam,animate_003_left.png,animate_003_left.png,background
389,389,resnet_pa,3,8,fam,animate_004_left.png,animate_004_left.png,background
390,390,resnet_pa,3,8,fam,animate_003_right.png,animate_003_right.png,background
391,391,resnet_pa,3,8,fam,animate_004_right.png,animate_004_right.png,background
392,392,resnet_pa,3,8,fam,animate_005_left.png,animate_005_left.png,background
393,393,resnet_pa,3,8,fam,animate_006_left.png,animate_006_left.png,background
394,394,resnet_pa,3,8,fam,animate_005_right.png,animate_005_right.png,background
395,395,resnet_pa,3,8,fam,animate_006_right.png,animate_006_right.png,background
396,396,resnet_pa,3,8,fam,animate_007_left.png,animate_007_left.png,background
397,397,resnet_pa,3,8,fam,animate_008_left.png,animate_008_left.png,background
398,398,resnet_pa,3,8,fam,animate_007_right.png,animate_007_right.png,background
399,399,resnet_pa,3,8,fam,animate_008_right.png,animate_008_right.png,background
400,400,resnet_pa,3,8,fam,animate_009_left.png,animate_009_left.png,background
401,401,resnet_pa,3,8,fam,animate_010_left.png,animate_010_left.png,background
402,402,resnet_pa,3,8,fam,animate_009_right.png,animate_009_right.png,background
403,403,resnet_pa,3,8,fam,animate_010_right.png,animate_010_right.png,background
404,404,resnet_pa,3,8,fam,animate_011_left.png,animate_011_left.png,background
405,405,resnet_pa,3,8,fam,animate_012_left.png,animate_012_left.png,background
406,406,resnet_pa,3,8,fam,animate_011_right.png,animate_011_right.png,background
407,407,resnet_pa,3,8,fam,animate_012_right.png,animate_012_right.png,background
408,408,resnet_pa,3,8,novel,animate_001_left.png,animate_002_left.png,identity
409,409,resnet_pa,3,8,novel,animate_002_left.png,animate_001_left.png,identity
410,410,resnet_pa,3,8,novel,animate_001_right.png,animate_002_right.png,identity
411,411,resnet_pa,3,8,novel,animate_002_right.png,animate_001_right.png,identity
412,412,resnet_pa,3,8,novel,animate_003_left.png,animate_004_left.png,identity
413,413,resnet_pa,3,8,novel,animate_004_left.png,animate_003_left.png,identity
414,414,resnet_pa,3,8,novel,animate_003_right.png,animate_004_right.png,identity
415,415,resnet_pa,3,8,novel,animate_004_right.png,animate_003_right.png,identity
416,416,resnet_pa,3,8,novel,animate_005_left.png,animate_006_left.png,identity
417,417,resnet_pa,3,8,novel,animate_006_left.png,animate_005_left.png,identity
418,418,resnet_pa,3,8,novel,animate_005_right.png,animate_006_right.png,identity
419,419,resnet_pa,3,8,novel,animate_006_right.png,animate_005_right.png,identity
420,420,resnet_pa,3,8,novel,animate_007_left.png,animate_008_left.png,identity
421,421,resnet_pa,3,8,novel,animate_008_left.png,animate_007_left.png,identity
422,422,resnet_pa,3,8,novel,animate_007_right.png,animate_008_right.png,identity
423,423,resnet_pa,3,8,novel,animate_008_right.png,animate_007_right.png,identity
424,424,resnet_pa,3,8,novel,animate_009_left.png,animate_010_left.png,identity
425,425,resnet_pa,3,8,novel,animate_010_left.png,animate_009_left.png,identity
426,426,resnet_pa,3,8,novel,animate_009_right.png,animate_010_right.png,identity
427,427,resnet_pa,3,8,novel,animate_010_right.png,animate_009_right.png,identity
428,428,resnet_pa,3,8,novel,animate_011_left.png,animate_012_left.png,identity
429,429,resnet_pa,3,8,novel,animate_012_left.png,animate_011_left.png,identity
430,430,resnet_pa,3,8,novel,animate_011_right.png,animate_012_right.png,identity
431,431,resnet_pa,3,8,novel,animate_012_right.png,animate_012_right.png,identity
432,432,resnet_pa,3,9,fam,animate_001_left.png,animate_001_left.png,background
433,433,resnet_pa,3,9,fam,animate_002_left.png,animate_002_left.png,background
434,434,resnet_pa,3,9,fam,animate_001_right.png,animate_001_right.png,background
435,435,resnet_pa,3,9,fam,animate_002_right.png,animate_002_right.png,background
436,436,resnet_pa,3,9,fam,animate_003_left.png,animate_003_left.png,background
437,437,resnet_pa,3,9,fam,animate_004_left.png,animate_004_left.png,background
438,438,resnet_pa,3,9,fam,animate_003_right.png,animate_003_right.png,background
439,439,resnet_pa,3,9,fam,animate_004_right.png,animate_004_right.png,background
440,440,resnet_pa,3,9,fam,animate_005_left.png,animate_005_left.png,background
441,441,resnet_pa,3,9,fam,animate_006_left.png,animate_006_left.png,background
442,442,resnet_pa,3,9,fam,animate_005_right.png,animate_005_right.png,background
443,443,resnet_pa,3,9,fam,animate_006_right.png,animate_006_right.png,background
444,444,resnet_pa,3,9,fam,animate_007_left.png,animate_007_left.png,background
445,445,resnet_pa,3,9,fam,animate_008_left.png,animate_008_left.png,background
446,446,resnet_pa,3,9,fam,animate_007_right.png,animate_007_right.png,background
447,447,resnet_pa,3,9,fam,animate_008_right.png,animate_008_right.png,background
448,448,resnet_pa,3,9,fam,animate_009_left.png,animate_009_left.png,background
449,449,resnet_pa,3,9,fam,animate_010_left.png,animate_010_left.png,background
450,450,resnet_pa,3,9,fam,animate_009_right.png,animate_009_right.png,background
451,451,resnet_pa,3,9,fam,animate_010_right.png,animate_010_right.png,background
452,452,resnet_pa,3,9,fam,animate_011_left.png,animate_011_left.png,background
453,453,resnet_pa,3,9,fam,animate_012_left.png,animate_012_left.png,background
454,454,resnet_pa,3,9,fam,animate_011_right.png,animate_011_right.png,background
455,455,resnet_pa,3,9,fam,animate_012_right.png,animate_012_right.png,background
456,456,resnet_pa,3,9,novel,animate_001_left.png,animate_002_left.png,identity
457,457,resnet_pa,3,9,novel,animate_002_left.png,animate_001_left.png,identity
458,458,resnet_pa,3,9,novel,animate_001_right.png,animate_002_right.png,identity
459,459,resnet_pa,3,9,novel,animate_002_right.png,animate_001_right.png,identity
460,460,resnet_pa,3,9,novel,animate_003_left.png,animate_004_left.png,identity
461,461,resnet_pa,3,9,novel,animate_004_left.png,animate_003_left.png,identity
462,462,resnet_pa,3,9,novel,animate_003_right.png,animate_004_right.png,identity
463,463,resnet_pa,3,9,novel,animate_004_right.png,animate_003_right.png,identity
464,464,resnet_pa,3,9,novel,animate_005_left.png,animate_006_left.png,identity
465,465,resnet_pa,3,9,novel,animate_006_left.png,animate_005_left.png,identity
466,466,resnet_pa,3,9,novel,animate_005_right.png,animate_006_right.png,identity
467,467,resnet_pa,3,9,novel,animate_006_right.png,animate_005_right.png,identity
468,468,resnet_pa,3,9,novel,animate_007_left.png,animate_008_left.png,identity
469,469,resnet_pa,3,9,novel,animate_008_left.png,animate_007_left.png,identity
470,470,resnet_pa,3,9,novel,animate_007_right.png,animate_008_right.png,identity
471,471,resnet_pa,3,9,novel,animate_008_right.png,animate_007_right.png,identity
472,472,resnet_pa,3,9,novel,animate_009_left.png,animate_010_left.png,identity
473,473,resnet_pa,3,9,novel,animate_010_left.png,animate_009_left.png,identity
474,474,resnet_pa,3,9,novel,animate_009_right.png,animate_010_right.png,identity
475,475,resnet_pa,3,9,novel,animate_010_right.png,animate_009_right.png,identity
476,476,resnet_pa,3,9,novel,animate_011_left.png,animate_012_left.png,identity
477,477,resnet_pa,3,9,novel,animate_012_left.png,animate_011_left.png,identity
478,478,resnet_pa,3,9,novel,animate_011_right.png,animate_012_right.png,identity
479,479,resnet_pa,3,9,novel,animate_012_right.png,animate_012_right.png,identity
